,tweet_id,text,retweeted_status_id,retweeted_status_user_id,expanded_urls,rating_numerator,rating_denominator,rt_date,rt_year,rt_month,rt_day,rt_time,t_time_a,rt_time_a,clean_source,internet_nickname,clean_name,jpg_url,img_num,p1,p1_conf,p1_dog,p2,p2_conf,p2_dog,p3,p3_conf,p3_dog,favorite_count,retweet_count,Actual_Rating
19,888202515573088257,RT @dog_rates: This is Canela. She attempted some fancy porch pics. They were unsuccessful. 13/10 someone help her https://t.co/cLyzpcUcMX,8.874739571039519e+17,4196983835.0,"https://twitter.com/dog_rates/status/887473957103951883/photo/1,https://twitter.com/dog_rates/status/887473957103951883/photo/1,https://twitter.com/dog_rates/status/887473957103951883/photo/1,https://twitter.com/dog_rates/status/887473957103951883/photo/1",13,10,2017-07-19,2017.0,7.0,19.0,00:47:34 ,1,0.0,Twitter for iPhone,,Canela,https://pbs.twimg.com/media/DFDw2tyUQAAAFke.jpg,2.0,Pembroke,0.809197,True,Rhodesian_ridgeback,0.05495,True,beagle,0.0389148,True,,,1.3
32,886054160059072513,RT @Athletics: 12/10 #BATP https://t.co/WxwJmvjfxo,8.860537344211026e+17,19607400.0,"https://twitter.com/dog_rates/status/886053434075471873,https://twitter.com/dog_rates/status/886053434075471873",12,10,2017-07-15,2017.0,7.0,15.0,02:44:07 ,2,2.0,Twitter for iPhone,,None,,,,,,,,,,,,0.0,93.0,1.2
36,885311592912609280,RT @dog_rates: This is Lilly. She just parallel barked. Kindly requests a reward now. 13/10 would pet so well https://t.co/SATN4If5H5,8.305833205850685e+17,4196983835.0,"https://twitter.com/dog_rates/status/830583320585068544/photo/1,https://twitter.com/dog_rates/status/830583320585068544/photo/1,https://twitter.com/dog_rates/status/830583320585068544/photo/1,https://twitter.com/dog_rates/status/830583320585068544/photo/1",13,10,2017-02-12,2017.0,2.0,12.0,01:04:29 ,1,1.0,Twitter for iPhone,,Lilly,https://pbs.twimg.com/media/C4bTH6nWMAAX_bJ.jpg,1.0,Labrador_retriever,0.908703,True,seat_belt,0.0570909,False,pug,0.0119335,True,0.0,15377.0,1.3
68,879130579576475649,RT @dog_rates: This is Emmy. She was adopted today. Massive round of pupplause for Emmy and her new family. 14/10 for all involved https://…,8.780576130401157e+17,4196983835.0,"https://twitter.com/dog_rates/status/878057613040115712/photo/1,https://twitter.com/dog_rates/status/878057613040115712/photo/1",14,10,2017-06-23,2017.0,6.0,23.0,01:10:23 ,0,1.0,Twitter for iPhone,,Emmy,,,,,,,,,,,,0.0,5714.0,1.4
73,878404777348136964,"RT @dog_rates: Meet Shadow. In an attempt to reach maximum zooming borkdrive, he tore his ACL. Still 13/10 tho. Help him out below

https:/…",8.782815110064783e+17,4196983835.0,"https://www.gofundme.com/3yd6y1c,https://twitter.com/dog_rates/status/878281511006478336/photo/1",13,10,2017-06-23,2017.0,6.0,23.0,16:00:04 ,0,16.0,Twitter for iPhone,,Shadow,,,,,,,,,,,,,,1.3
74,878316110768087041,RT @dog_rates: Meet Terrance. He's being yelled at because he stapled the wrong stuff together. 11/10 hang in there Terrance https://t.co/i…,6.690003974455337e+17,4196983835.0,https://twitter.com/dog_rates/status/669000397445533696/photo/1,11,10,2015-11-24,2015.0,11.0,24.0,03:51:38 ,18,3.0,Twitter for iPhone,,Terrance,,,,,,,,,,,,0.0,5502.0,1.1
78,877611172832227328,RT @rachel2195: @dog_rates the boyfriend and his soaking wet pupper h*cking love his new hat 14/10 https://t.co/dJx4Gzc50G,8.76850772322988e+17,512804507.0,"https://twitter.com/rachel2195/status/876850772322988033/photo/1,https://twitter.com/rachel2195/status/876850772322988033/photo/1,https://twitter.com/rachel2195/status/876850772322988033/photo/1,https://twitter.com/rachel2195/status/876850772322988033/photo/1",14,10,2017-06-19,2017.0,6.0,19.0,17:14:49 ,19,17.0,Twitter for iPhone,pupper,None,https://pbs.twimg.com/media/DCszHgmW0AAmIpT.jpg,1.0,Irish_setter,0.364729,True,golden_retriever,0.202907,True,Irish_terrier,0.107473,True,0.0,70.0,1.4
91,874434818259525634,RT @dog_rates: This is Coco. At first I thought she was a cloud but clouds don't bork with such passion. 12/10 would hug softly https://t.c…,8.663349647612027e+17,4196983835.0,"https://twitter.com/dog_rates/status/866334964761202691/photo/1,https://twitter.com/dog_rates/status/866334964761202691/photo/1",12,10,2017-05-21,2017.0,5.0,21.0,16:48:45 ,1,16.0,Twitter for iPhone,,Coco,,,,,,,,,,,,,,1.2
95,873697596434513921,RT @dog_rates: This is Walter. He won't start hydrotherapy without his favorite floatie. 14/10 keep it pup Walter https://t.co/r28jFx9uyF,8.688803978194944e+17,4196983835.0,"https://twitter.com/dog_rates/status/868880397819494401/photo/1,https://twitter.com/dog_rates/status/868880397819494401/photo/1",14,10,2017-05-28,2017.0,5.0,28.0,17:23:24 ,0,17.0,Twitter for iPhone,,Walter,https://pbs.twimg.com/media/DA7iHL5U0AA1OQo.jpg,1.0,laptop,0.153718,False,French_bulldog,0.0999839,True,printer,0.0771299,False,,,1.4
97,873337748698140672,"RT @dog_rates: This is Sierra. She's one precious pupper. Absolute 12/10. Been in and out of ICU her whole life. Help Sierra below

https:/…",8.732137756329779e+17,4196983835.0,"https://www.gofundme.com/help-my-baby-sierra-get-better,https://twitter.com/dog_rates/status/873213775632977920/photo/1,https://twitter.com/dog_rates/status/873213775632977920/photo/1",12,10,2017-06-09,2017.0,6.0,9.0,16:22:42 ,0,16.0,Twitter for iPhone,pupper,Sierra,,,,,,,,,,,,0.0,1327.0,1.2
101,872668790621863937,"RT @loganamnosis: Penelope here is doing me quite a divertir. Well done, @dog_rates! Loving the pupdate. 14/10, je jouerais de nouveau. htt…",8.726575842595512e+17,154767397.0,https://twitter.com/loganamnosis/status/872657584259551233/photo/1,14,10,2017-06-08,2017.0,6.0,8.0,03:32:35 ,4,3.0,Twitter for iPhone,,None,,,,,,,,,,,,,,1.4
109,871166179821445120,RT @dog_rates: This is Dawn. She's just checking pup on you. Making sure you're doing okay. 12/10 she's here if you need her https://t.co/X…,8.41077006473257e+17,4196983835.0,https://twitter.com/dog_rates/status/841077006473256960/photo/1,12,10,2017-03-13,2017.0,3.0,13.0,00:02:39 ,0,0.0,Twitter for iPhone,,Dawn,,,,,,,,,,,,0.0,4880.0,1.2
118,869988702071779329,RT @dog_rates: We only rate dogs. This is quite clearly a smol broken polar bear. We'd appreciate if you only send dogs. Thank you... 12/10…,8.591969789027738e+17,4196983835.0,https://twitter.com/dog_rates/status/859196978902773760/video/1,12,10,2017-05-02,2017.0,5.0,2.0,00:04:57 ,18,0.0,Twitter for iPhone,,,,,,,,,,,,,,,,1.2
124,868639477480148993,"RT @dog_rates: Say hello to Cooper. His expression is the same wet or dry. Absolute 12/10 but Coop desperately requests your help

https://…",8.685522785248379e+17,4196983835.0,"https://www.gofundme.com/3ti3nps,https://twitter.com/dog_rates/status/868552278524837888/photo/1,https://twitter.com/dog_rates/status/868552278524837888/photo/1",12,10,2017-05-27,2017.0,5.0,27.0,19:39:34 ,1,19.0,Twitter for iPhone,,Cooper,,,,,,,,,,,,0.0,1744.0,1.2
130,867072653475098625,RT @rachaeleasler: these @dog_rates hats are 13/10 bean approved https://t.co/nRCdq4g9gG,8.650134204453683e+17,7.874617784352891e+17,"https://twitter.com/rachaeleasler/status/865013420445368320/photo/1,https://twitter.com/rachaeleasler/status/865013420445368320/photo/1,https://twitter.com/rachaeleasler/status/865013420445368320/photo/1,https://twitter.com/rachaeleasler/status/865013420445368320/photo/1",13,10,2017-05-18,2017.0,5.0,18.0,01:17:25 ,17,1.0,Twitter for iPhone,,None,https://pbs.twimg.com/media/DAElHfmUMAEH9lB.jpg,1.0,Blenheim_spaniel,0.352946,True,papillon,0.211766,True,Pekinese,0.112952,True,0.0,100.0,1.3
132,866816280283807744,"RT @dog_rates: This is Jamesy. He gives a kiss to every other pupper he sees on his walk. 13/10 such passion, much tender https://t.co/wk7T…",8.664507055314575e+17,4196983835.0,"https://twitter.com/dog_rates/status/866450705531457537/photo/1,https://twitter.com/dog_rates/status/866450705531457537/photo/1",13,10,2017-05-22,2017.0,5.0,22.0,00:28:40 ,0,0.0,Twitter for iPhone,pupper,Jamesy,,,,,,,,,,,,,,1.3
137,866094527597207552,"RT @dog_rates: Here's a pupper before and after being asked ""who's a good girl?"" Unsure as h*ck. 12/10 hint hint it's you https://t.co/ORiK…",8.378201676945285e+17,4196983835.0,"https://twitter.com/dog_rates/status/837820167694528512/photo/1,https://twitter.com/dog_rates/status/837820167694528512/photo/1",12,10,2017-03-04,2017.0,3.0,4.0,00:21:08 ,0,0.0,Twitter for iPhone,pupper,None,,,,,,,,,,,,0.0,7138.0,1.2
146,863471782782697472,"RT @dog_rates: Say hello to Quinn. She's quite the goofball. Not even a year old. Confirmed 13/10 but she really needs your help 

https://…",8.630624715311677e+17,4196983835.0,"https://www.gofundme.com/helpquinny,https://twitter.com/dog_rates/status/863062471531167744/photo/1,https://twitter.com/dog_rates/status/863062471531167744/photo/1,https://twitter.com/dog_rates/status/863062471531167744/photo/1,https://twitter.com/dog_rates/status/863062471531167744/photo/1",13,10,2017-05-12,2017.0,5.0,12.0,16:05:02 ,19,16.0,Twitter for iPhone,,Quinn,,,,,,,,,,,,,,1.3
155,861769973181624320,"RT @dog_rates: ""Good afternoon class today we're going to learn what makes a good boy so good"" 13/10 https://t.co/f1h2Fsalv9",8.06629075125203e+17,4196983835.0,"https://twitter.com/dog_rates/status/806629075125202948/photo/1,https://twitter.com/dog_rates/status/806629075125202948/photo/1,https://twitter.com/dog_rates/status/806629075125202948/photo/1,https://twitter.com/dog_rates/status/806629075125202948/photo/1",13,10,2016-12-07,2016.0,12.0,7.0,22:38:52 ,2,22.0,Twitter for iPhone,,None,https://pbs.twimg.com/media/CzG425nWgAAnP7P.jpg,2.0,Arabian_camel,0.366248,False,house_finch,0.209852,False,cocker_spaniel,0.0464032,True,,,1.3
159,860981674716409858,"RT @dog_rates: Meet Lorenzo. He's an avid nifty hat wearer and absolute 13/10, but he needs your help to beat cancer. Link below

https://t…",8.605637731402097e+17,4196983835.0,"https://www.gofundme.com/help-lorenzo-beat-cancer,https://twitter.com/dog_rates/status/860563773140209665/photo/1,https://twitter.com/dog_rates/status/860563773140209665/photo/1",13,10,2017-05-05,2017.0,5.0,5.0,18:36:06 ,22,18.0,Twitter for iPhone,,Lorenzo,,,,,,,,,,,,,,1.3
160,860924035999428608,RT @tallylott: h*ckin adorable promposal. 13/10 @dog_rates https://t.co/6n8hzNihJ9,8.609144852504699e+17,363890752.0,"https://twitter.com/tallylott/status/860914485250469888/photo/1,https://twitter.com/tallylott/status/860914485250469888/photo/1,https://twitter.com/tallylott/status/860914485250469888/photo/1,https://twitter.com/tallylott/status/860914485250469888/photo/1",13,10,2017-05-06,2017.0,5.0,6.0,17:49:42 ,18,17.0,Twitter for iPhone,,None,https://pbs.twimg.com/media/C_KVJjDXsAEUCWn.jpg,2.0,envelope,0.933016,False,oscilloscope,0.0125914,False,paper_towel,0.0111785,False,0.0,676.0,1.3
165,860177593139703809,RT @dog_rates: Ohboyohboyohboyohboyohboyohboyohboyohboyohboyohboyohboyohboyohboyohboyohboy. 10/10 for all (by happytailsresort) https://t.c…,7.616729943768064e+17,4196983835.0,https://twitter.com/dog_rates/status/761672994376806400/video/1,10,10,2016-08-05,2016.0,8.0,5.0,21:19:27 ,17,21.0,Twitter for iPhone,,None,,,,,,,,,,,,,,1.0
171,858860390427611136,"RT @dog_rates: Meet Winston. He knows he's a little too big for the swing, but he doesn't care. Kindly requests a push. 12/10 would happily…",8.395493263596708e+17,4196983835.0,https://twitter.com/dog_rates/status/839549326359670784/photo/1,12,10,2017-03-08,2017.0,3.0,8.0,18:52:12 ,1,18.0,Twitter for iPhone,,Winston,,,,,,,,,,,,,,1.2
180,857062103051644929,RT @AaronChewning: First time wearing my @dog_rates hat on a flight and I get DOUBLE OPEN ROWS. Really makes you think. 13/10 https://t.co/…,8.57061112319234e+17,58709723.0,https://twitter.com/AaronChewning/status/857061112319234050/photo/1,13,10,2017-04-26,2017.0,4.0,26.0,02:37:47 ,2,2.0,Twitter for iPhone,,None,,,,,,,,,,,,0.0,146.0,1.3
182,856602993587888130,RT @dog_rates: This is Luna. It's her first time outside and a bee stung her nose. Completely h*ckin uncalled for. 13/10 where's the bee I…,8.44704788403114e+17,4196983835.0,https://twitter.com/dog_rates/status/844704788403113984/photo/1,13,10,2017-03-23,2017.0,3.0,23.0,00:18:10 ,20,0.0,Twitter for iPhone,,Luna,,,,,,,,,,,,,,1.3
185,856330835276025856,RT @Jenna_Marbles: @dog_rates Thanks for rating my cermets 14/10 wow I'm so proud I watered them so much,8.563301587682181e+17,66699013.0,,14,10,2017-04-24,2017.0,4.0,24.0,02:13:14 ,2,2.0,Twitter for iPhone,,None,,,,,,,,,,,,,,1.4
194,855245323840757760,RT @dog_rates: Meet George. He looks slightly deflated but overall quite powerful. Not sure how that human restrained him. 12/10 would snug…,8.421635325903749e+17,4196983835.0,"https://twitter.com/dog_rates/status/842163532590374912/photo/1,https://twitter.com/dog_rates/status/842163532590374912/photo/1",12,10,2017-03-16,2017.0,3.0,16.0,00:00:07 ,2,0.0,Twitter for iPhone,,George,,,,,,,,,,,,0.0,5251.0,1.2
195,855138241867124737,RT @frasercampbell_: oh my... what's that... beautiful scarf around your neck... 14/10 a h*ckin good dog in a h*ckin good game @GoodDogsGam…,8.551225332674601e+17,7.475543444348314e+17,https://twitter.com/frasercampbell_/status/855122533267460096/photo/1,14,10,2017-04-20,2017.0,4.0,20.0,18:14:33 ,19,18.0,Twitter for iPhone,,None,,,,,,,,,,,,,,1.4
204,852936405516943360,"RT @dog_rates: I usually only share these on Friday's, but this is Blue. He's a very smoochable pooch who needs your help. 13/10

https://t…",8.316500515250545e+17,4196983835.0,"http://www.gofundme.com/bluethewhitehusky,https://twitter.com/dog_rates/status/831650051525054464/photo/1,https://twitter.com/dog_rates/status/831650051525054464/photo/1,https://twitter.com/dog_rates/status/831650051525054464/photo/1,https://twitter.com/dog_rates/status/831650051525054464/photo/1",13,10,2017-02-14,2017.0,2.0,14.0,23:43:18 ,17,23.0,Twitter for iPhone,,None,,,,,,,,,,,,0.0,1783.0,1.3
211,851953902622658560,RT @dog_rates: This is Astrid. She's a guide doggo in training. 13/10 would follow anywhere https://t.co/xo7FZFIAao,8.29374341691347e+17,4196983835.0,"https://twitter.com/dog_rates/status/829374341691346946/photo/1,https://twitter.com/dog_rates/status/829374341691346946/photo/1,https://twitter.com/dog_rates/status/829374341691346946/photo/1,https://twitter.com/dog_rates/status/829374341691346946/photo/1",13,10,2017-02-08,2017.0,2.0,8.0,17:00:26 ,0,17.0,Twitter for iPhone,doggo,Astrid,https://pbs.twimg.com/media/C4KHj-nWQAA3poV.jpg,1.0,Staffordshire_bullterrier,0.757547,True,American_Staffordshire_terrier,0.14995,True,Chesapeake_Bay_retriever,0.0475227,True,,,1.3
212,851861385021730816,RT @eddie_coe98: Thanks @dog_rates completed my laptop. 10/10 would buy again https://t.co/bO0rThDlXI,8.482893821761004e+17,341021133.0,"https://twitter.com/eddie_coe98/status/848289382176100353/photo/1,https://twitter.com/eddie_coe98/status/848289382176100353/photo/1",10,10,2017-04-01,2017.0,4.0,1.0,21:42:03 ,18,21.0,Twitter for iPhone,,None,https://pbs.twimg.com/media/C8W6sY_W0AEmttW.jpg,1.0,pencil_box,0.662183,False,purse,0.0665055,False,pillow,0.0447253,False,,,1.0
222,849668094696017920,RT @dog_rates: This is Gidget. She's a spy pupper. Stealthy as h*ck. Must've slipped pup and got caught. 12/10 would forgive then pet https…,8.331246945974436e+17,4196983835.0,"https://twitter.com/dog_rates/status/833124694597443584/photo/1,https://twitter.com/dog_rates/status/833124694597443584/photo/1,https://twitter.com/dog_rates/status/833124694597443584/photo/1",12,10,2017-02-19,2017.0,2.0,19.0,01:23:00 ,17,1.0,Twitter for iPhone,pupper,Gidget,,,,,,,,,,,,0.0,4435.0,1.2
230,847978865427394560,RT @dog_rates: This is Charlie. He fell asleep on a heating vent. Would puppreciate your assistance. 11/10 someone help Charlie https://t.c…,8.323698773316936e+17,4196983835.0,https://twitter.com/dog_rates/status/832369877331693569/photo/1,11,10,2017-02-16,2017.0,2.0,16.0,23:23:38 ,1,23.0,Twitter for iPhone,,Charlie,,,,,,,,,,,,0.0,2914.0,1.1
231,847971574464610304,RT @basic_vacek_: I love my new mug easy 13/10 @dog_rates https://t.co/0bYtoL7Wwt,8.47971000004354e+17,597064155.0,"https://twitter.com/basic_vacek_/status/847971000004354048/photo/1,https://twitter.com/basic_vacek_/status/847971000004354048/photo/1",13,10,2017-04-01,2017.0,4.0,1.0,00:36:55 ,0,0.0,Twitter for iPhone,,None,https://pbs.twimg.com/media/C8SZH1EWAAAIRRF.jpg,1.0,coffee_mug,0.633652,False,cup,0.273392,False,toilet_tissue,0.0666558,False,,,1.3
247,845459076796616705,RT @dog_rates: Here's a heartwarming scene of a single father raising his two pups. Downright awe-inspiring af. 12/10 for everyone https://…,7.562885340304753e+17,4196983835.0,"https://twitter.com/dog_rates/status/756288534030475264/photo/1,https://twitter.com/dog_rates/status/756288534030475264/photo/1,https://twitter.com/dog_rates/status/756288534030475264/photo/1,https://twitter.com/dog_rates/status/756288534030475264/photo/1",12,10,2016-07-22,2016.0,7.0,22.0,00:43:32 ,2,0.0,Twitter for iPhone,,None,,,,,,,,,,,,,,1.2
250,845098359547420673,RT @dog_rates: This is Bungalo. She uses that face to get what she wants. It works unbelievably well. 12/10 would never say no to https://t…,7.733088242540298e+17,4196983835.0,https://twitter.com/dog_rates/status/773308824254029826/photo/1,12,10,2016-09-06,2016.0,9.0,6.0,23:56:05 ,2,23.0,Twitter for iPhone,,Bungalo,,,,,,,,,,,,,,1.2
260,842892208864923648,RT @dog_rates: This is Stephan. He just wants to help. 13/10 such a good boy https://t.co/DkBYaCAg2d,8.071068405092147e+17,4196983835.0,"https://twitter.com/dog_rates/status/807106840509214720/video/1,https://twitter.com/dog_rates/status/807106840509214720/video/1",13,10,2016-12-09,2016.0,12.0,9.0,06:17:20 ,0,6.0,Twitter for iPhone,,Stephan,https://pbs.twimg.com/ext_tw_video_thumb/807106774843039744/pu/img/8XZg1xW35Xp2J6JW.jpg,1.0,Chihuahua,0.50537,True,Pomeranian,0.120358,True,toy_terrier,0.0770081,True,,,1.3
266,841833993020538882,RT @dog_rates: This is Ken. His cheeks are magic. 13/10 (IG: ken_shiba) https://t.co/btzf1zTDeQ,8.174238601360835e+17,4196983835.0,"https://twitter.com/dog_rates/status/817423860136083457/video/1,https://twitter.com/dog_rates/status/817423860136083457/video/1",13,10,2017-01-06,2017.0,1.0,6.0,17:33:29 ,2,17.0,Twitter for iPhone,,Ken,https://pbs.twimg.com/ext_tw_video_thumb/817423809049493505/pu/img/5OFW0yueFu9oTUiQ.jpg,1.0,ice_bear,0.3362,False,Samoyed,0.201358,True,Eskimo_dog,0.186789,True,,,1.3
272,840761248237133825,"RT @dog_rates: Say hello to Maddie and Gunner. They are considerably pupset about bath time. Both 12/10 but Gunner needs your help

https:/…",8.406323370628628e+17,4196983835.0,"https://www.gofundme.com/3hgsuu0,https://twitter.com/dog_rates/status/840632337062862849/photo/1",12,10,2017-03-11,2017.0,3.0,11.0,18:35:42 ,3,18.0,Twitter for iPhone,,Maddie,,,,,,,,,,,,,,1.2
273,840728873075638272,RT @dog_rates: This is Pipsy. He is a fluffball. Enjoys traveling the sea &amp; getting tangled in leash. 12/10 I would kill for Pipsy https://…,6.671521640794235e+17,4196983835.0,https://twitter.com/dog_rates/status/667152164079423490/photo/1,12,10,2015-11-19,2015.0,11.0,19.0,01:27:25 ,0,1.0,Twitter for iPhone,,Pipsy,,,,,,,,,,,,0.0,14568.0,1.2
281,839290600511926273,RT @alexmartindawg: THE DRINK IS DR. PUPPER 10/10 good pun @matt___nelson @GoodDogsGame https://t.co/act3duiqbL,8.392899192982241e+17,41198418.0,"https://twitter.com/alexmartindawg/status/839289919298224128/photo/1,https://twitter.com/alexmartindawg/status/839289919298224128/photo/1,https://twitter.com/alexmartindawg/status/839289919298224128/photo/1,https://twitter.com/alexmartindawg/status/839289919298224128/photo/1",10,10,2017-03-08,2017.0,3.0,8.0,01:41:24 ,1,1.0,Twitter for iPhone,pupper,None,https://pbs.twimg.com/media/C6XBt9XXEAEEW9U.jpg,1.0,web_site,0.670892,False,monitor,0.101565,False,screen,0.0753061,False,0.0,132.0,1.0
285,838916489579200512,RT @KibaDva: I collected all the good dogs!! 15/10 @dog_rates #GoodDogs https://t.co/6UCGFczlOI,8.3890598062882e+17,811740824.0,"https://twitter.com/KibaDva/status/838905980628819968/photo/1,https://twitter.com/KibaDva/status/838905980628819968/photo/1,https://twitter.com/KibaDva/status/838905980628819968/photo/1,https://twitter.com/KibaDva/status/838905980628819968/photo/1",15,10,2017-03-07,2017.0,3.0,7.0,00:15:46 ,0,0.0,Twitter for iPhone,,None,https://pbs.twimg.com/media/C6RkiQZUsAAM4R4.jpg,2.0,web_site,0.993651,False,monitor,0.0014059,False,envelope,0.00109309,False,0.0,31.0,1.5
286,838831947270979586,RT @dog_rates: This is Riley. His owner put a donut pillow around him and he loves it so much he won't let anyone take it off. 13/10 https:…,7.838399664052306e+17,4196983835.0,"https://twitter.com/dog_rates/status/783839966405230592/photo/1,https://twitter.com/dog_rates/status/783839966405230592/photo/1,https://twitter.com/dog_rates/status/783839966405230592/photo/1",13,10,2016-10-06,2016.0,10.0,6.0,01:23:05 ,19,1.0,Twitter for iPhone,,Riley,,,,,,,,,,,,,,1.3
289,838201503651401729,RT @dog_rates: Meet Sunny. He can take down a polar bear in one fell swoop. Fr*cken deadly af. 13/10 would pet with caution https://t.co/EM…,8.207497168456868e+17,4196983835.0,"https://twitter.com/dog_rates/status/820749716845686786/photo/1,https://twitter.com/dog_rates/status/820749716845686786/photo/1",13,10,2017-01-15,2017.0,1.0,15.0,21:49:15 ,1,21.0,Twitter for iPhone,,Sunny,,,,,,,,,,,,0.0,9161.0,1.3
298,837012587749474308,RT @KennyFromDaBlok: 14/10 h*ckin good hats. will wear daily @dog_rates https://t.co/rHLoU5gS30,8.370113446668124e+17,726634734.0,"https://twitter.com/KennyFromDaBlok/status/837011344666812416/photo/1,https://twitter.com/KennyFromDaBlok/status/837011344666812416/photo/1",14,10,2017-03-01,2017.0,3.0,1.0,18:47:10 ,18,18.0,Twitter for iPhone,,None,https://pbs.twimg.com/media/C52pYJXWgAA2BEf.jpg,1.0,toilet_tissue,0.186387,False,cowboy_hat,0.158555,False,sombrero,0.14947,False,,,1.4
302,836648853927522308,"RT @SchafeBacon2016: @dog_rates Slightly disturbed by the outright profanity, but confident doggos were involved. 11/10, would tailgate aga…",8.366481490034852e+17,7.124572472347566e+17,https://twitter.com/SchafeBacon2016/status/836648149003485187/photo/1,11,10,2017-02-28,2017.0,2.0,28.0,18:43:57 ,18,18.0,Twitter for iPhone,,None,,,,,,,,,,,,,,1.1
303,836397794269200385,RT @dog_rates: This is Buddy. He ran into a glass door once. Now he's h*ckin skeptical. 13/10 empowering af (vid by Brittany Gaunt) https:/…,8.178278394877379e+17,4196983835.0,https://twitter.com/dog_rates/status/817827839487737858/video/1,13,10,2017-01-07,2017.0,1.0,7.0,20:18:46 ,2,20.0,Twitter for iPhone,,Buddy,,,,,,,,,,,,0.0,25031.0,1.3
307,835685285446955009,RT @dog_rates: This is Rory. He's got an interview in a few minutes. Looking spiffy af. Nervous as h*ck tho. 12/10 would hire https://t.co/…,7.869630643735347e+17,4196983835.0,https://twitter.com/dog_rates/status/786963064373534720/photo/1,12,10,2016-10-14,2016.0,10.0,14.0,16:13:10 ,2,16.0,Twitter for iPhone,,Rory,,,,,,,,,,,,0.0,7404.0,1.2
309,835536468978302976,"RT @dog_rates: Meet Lola. Her hobbies include being precious af and using her foot as a toothbrush. 12/10 Lola requests your help

https://…",8.35264098648617e+17,4196983835.0,"https://www.gofundme.com/lolas-life-saving-surgery-funds,https://twitter.com/dog_rates/status/835264098648616962/photo/1,https://twitter.com/dog_rates/status/835264098648616962/photo/1",12,10,2017-02-24,2017.0,2.0,24.0,23:04:14 ,17,23.0,Twitter for iPhone,,Lola,,,,,,,,,,,,0.0,1540.0,1.2
310,835309094223372289,RT @dog_rates: So this just changed my life. 13/10 please enjoy  https://t.co/dsv4xAtfv7,7.530398308215112e+17,4196983835.0,"https://vine.co/v/5W2Dg3XPX7a,https://vine.co/v/5W2Dg3XPX7a",13,10,2016-07-13,2016.0,7.0,13.0,01:34:21 ,2,1.0,Twitter for iPhone,,None,,,,,,,,,,,,,,1.3
319,834477809192075265,RT @dog_rates: This is Leo. He was a skater pup. She said see ya later pup. He wasn't good enough for her. 12/10 you're good enough for me…,8.295019951909847e+17,4196983835.0,"https://twitter.com/dog_rates/status/829501995190984704/photo/1,https://twitter.com/dog_rates/status/829501995190984704/photo/1",12,10,2017-02-09,2017.0,2.0,9.0,01:27:41 ,18,1.0,Twitter for iPhone,,Leo,,,,,,,,,,,,0.0,9747.0,1.2
327,833732339549220864,"RT @rolltidered: This is Gabby. Now requests to be referred to as a guide dog, thanks to @dog_rates and @ShopWeRateDogs. 12/10 in my book.…",8.324343582922097e+17,44667502.0,https://twitter.com/rolltidered/status/832434358292209665/photo/1,12,10,2017-02-17,2017.0,2.0,17.0,03:39:51 ,17,3.0,Twitter for iPhone,,Gabby,,,,,,,,,,,,0.0,204.0,1.2
332,832769181346996225,RT @EmilieGambril: 12/10 h*cking excited about my new shirt! @dog_rates https://t.co/zFEfMTaHqU,8.327663821985669e+17,487197737.0,"https://twitter.com/EmilieGambril/status/832766382198566913/photo/1,https://twitter.com/EmilieGambril/status/832766382198566913/photo/1,https://twitter.com/EmilieGambril/status/832766382198566913/photo/1,https://twitter.com/EmilieGambril/status/832766382198566913/photo/1",12,10,2017-02-18,2017.0,2.0,18.0,01:39:12 ,1,1.0,Twitter for iPhone,,None,https://pbs.twimg.com/media/C46UmzSVMAAqBug.jpg,1.0,jersey,0.895698,False,sweatshirt,0.0890854,False,poncho,0.00297522,False,,,1.2
340,832215909146226688,"RT @dog_rates: This is Logan, the Chow who lived. He solemnly swears he's up to lots of good. H*ckin magical af 9.75/10 https://t.co/yBO5wu…",7.867090828498289e+17,4196983835.0,https://twitter.com/dog_rates/status/786709082849828864/photo/1,75,10,2016-10-13,2016.0,10.0,13.0,23:23:56 ,13,23.0,Twitter for iPhone,,Logan,,,,,,,,,,,,,,7.5
341,832215726631055365,RT @dog_rates: This is Moreton. He's the Good Boy Who Lived. 13/10 magical as h*ck https://t.co/rLHGx3VAF3,7.932864763017994e+17,4196983835.0,"https://twitter.com/dog_rates/status/793286476301799424/photo/1,https://twitter.com/dog_rates/status/793286476301799424/photo/1,https://twitter.com/dog_rates/status/793286476301799424/photo/1,https://twitter.com/dog_rates/status/793286476301799424/photo/1",13,10,2016-11-01,2016.0,11.0,1.0,03:00:09 ,13,3.0,Twitter for iPhone,,Moreton,https://pbs.twimg.com/media/CwJR1okWIAA6XMp.jpg,1.0,Afghan_hound,0.274637,True,borzoi,0.142204,True,doormat,0.109677,False,0.0,8572.0,1.3
343,832040443403784192,RT @dog_rates: This is Klein. These pics were taken a month apart. He knows he's a stud now. 12/10 total heartthrob https://t.co/guDkLrX8zV,7.69940425801171e+17,4196983835.0,"https://twitter.com/dog_rates/status/769940425801170949/photo/1,https://twitter.com/dog_rates/status/769940425801170949/photo/1,https://twitter.com/dog_rates/status/769940425801170949/photo/1,https://twitter.com/dog_rates/status/769940425801170949/photo/1",12,10,2016-08-28,2016.0,8.0,28.0,16:51:16 ,1,16.0,Twitter for iPhone,,Klein,https://pbs.twimg.com/media/Cq9guJ5WgAADfpF.jpg,1.0,miniature_pinscher,0.796313,True,Chihuahua,0.15541300000000002,True,Staffordshire_bullterrier,0.0309433,True,0.0,8807.0,1.2
357,830173239259324417,RT @dog_rates: This is Kyro. He's a Stratocumulus Flop. Tongue ejects at random. Serious h*ckin condition. Still 12/10 would pet passionate…,8.09220051211604e+17,4196983835.0,"https://twitter.com/dog_rates/status/809220051211603969/photo/1,https://twitter.com/dog_rates/status/809220051211603969/photo/1",12,10,2016-12-15,2016.0,12.0,15.0,02:14:29 ,21,2.0,Twitter for iPhone,,Kyro,,,,,,,,,,,,0.0,5228.0,1.2
359,829878982036299777,RT @dog_rates: This is Loki. He smiles like Elvis. Ain't nothin but a hound doggo. 12/10 https://t.co/QV5nx6otZR,8.269586533285929e+17,4196983835.0,"https://twitter.com/dog_rates/status/826958653328592898/photo/1,https://twitter.com/dog_rates/status/826958653328592898/photo/1",12,10,2017-02-02,2017.0,2.0,2.0,01:01:21 ,2,1.0,Twitter for iPhone,doggo,Loki,https://pbs.twimg.com/media/C3nygbBWQAAjwcW.jpg,1.0,golden_retriever,0.6173890000000001,True,Labrador_retriever,0.33705300000000005,True,tennis_ball,0.00855442,False,0.0,4590.0,1.2
366,828801551087042563,"RT @dog_rates: This is Gus. He likes to be close to you, which is good because you want to be close to Gus. 12/10 would boop then pet https…",8.102541084311552e+17,4196983835.0,https://twitter.com/dog_rates/status/810254108431155201/photo/1,12,10,2016-12-17,2016.0,12.0,17.0,22:43:27 ,3,22.0,Twitter for iPhone,,Gus,,,,,,,,,,,,0.0,3150.0,1.2
382,827228250799742977,RT @dog_rates: This is Phil. He's an important dog. Can control the seasons. Magical as hell. 12/10 would let him sign my forehead https://…,6.946697223784858e+17,4196983835.0,"https://twitter.com/dog_rates/status/694669722378485760/photo/1,https://twitter.com/dog_rates/status/694669722378485760/photo/1",12,10,2016-02-02,2016.0,2.0,2.0,23:52:22 ,18,23.0,Twitter for iPhone,,Phil,,,,,,,,,,,,,,1.2
386,826615380357632002,"RT @dog_rates: Please only send in dogs. We only rate dogs, not seemingly heartbroken ewoks. Thank you... still 10/10 would console https:/…",8.099207643004477e+17,4196983835.0,https://twitter.com/dog_rates/status/809920764300447744/photo/1,10,10,2016-12-17,2016.0,12.0,17.0,00:38:52 ,2,0.0,Twitter for iPhone,,None,,,,,,,,,,,,,,1.0
397,825120256414846976,"RT @dog_rates: Say hello to Pablo. He's one gorgeous puppo. A true 12/10. Click the link to see why Pablo requests your assistance

https:/…",8.250265907194839e+17,4196983835.0,"https://www.gofundme.com/my-puppys-double-cataract-surgery,https://twitter.com/dog_rates/status/825026590719483904/photo/1,https://twitter.com/dog_rates/status/825026590719483904/photo/1",12,10,2017-01-27,2017.0,1.0,27.0,17:04:02 ,23,17.0,Twitter for iPhone,puppo,Pablo,,,,,,,,,,,,0.0,1165.0,1.2
399,824796380199809024,RT @dog_rates: This is Bailey. She loves going down slides but is very bad at it. Still 11/10 https://t.co/ivPWhspN3E,7.950767302853919e+17,4196983835.0,"https://twitter.com/dog_rates/status/795076730285391872/photo/1,https://twitter.com/dog_rates/status/795076730285391872/photo/1,https://twitter.com/dog_rates/status/795076730285391872/photo/1,https://twitter.com/dog_rates/status/795076730285391872/photo/1,https://twitter.com/dog_rates/status/795076730285391872/photo/1,https://twitter.com/dog_rates/status/795076730285391872/photo/1",11,10,2016-11-06,2016.0,11.0,6.0,01:33:58 ,1,1.0,Twitter for iPhone,,Bailey,https://pbs.twimg.com/media/CwiuEJmW8AAZnit.jpg,2.0,gas_pump,0.676439,False,harvester,0.049995300000000006,False,swing,0.0446596,False,0.0,5079.0,1.1
406,823719002937630720,RT @dog_rates: This is Balto. He's very content. Legendary tongue slippage. 12/10 would pet forever https://t.co/T7Jr4Gw4sC,7.840579396403528e+17,4196983835.0,"https://vine.co/v/5gKxeUpuKEr,https://vine.co/v/5gKxeUpuKEr",12,10,2016-10-06,2016.0,10.0,6.0,15:49:14 ,2,15.0,Twitter for iPhone,,Balto,,,,,,,,,,,,,,1.2
411,823269594223824897,RT @dog_rates: We only rate dogs. Please don't send pics of men capturing low level clouds. Thank you... 11/10 https://t.co/rLi83ZyCL5,8.222448165201551e+17,4196983835.0,"https://twitter.com/dog_rates/status/822244816520155136/photo/1,https://twitter.com/dog_rates/status/822244816520155136/photo/1",11,10,2017-01-20,2017.0,1.0,20.0,00:50:15 ,20,0.0,Twitter for iPhone,,None,https://pbs.twimg.com/media/C2kzTGxWEAEOpPL.jpg,1.0,Samoyed,0.585441,True,Pomeranian,0.193654,True,Arctic_fox,0.0716476,False,0.0,9189.0,1.1
415,822647212903690241,RT @dog_rates: This is Paisley. She really wanted to be president this time. Dreams officially crushed. 13/10 https://t.co/liJGwMp17E,8.224890570873897e+17,4196983835.0,"https://twitter.com/dog_rates/status/822489057087389700/photo/1,https://twitter.com/dog_rates/status/822489057087389700/photo/1,https://twitter.com/dog_rates/status/822489057087389700/photo/1,https://twitter.com/dog_rates/status/822489057087389700/photo/1,https://twitter.com/dog_rates/status/822489057087389700/photo/1,https://twitter.com/dog_rates/status/822489057087389700/photo/1",13,10,2017-01-20,2017.0,1.0,20.0,17:00:46 ,3,17.0,Twitter for iPhone,,Paisley,https://pbs.twimg.com/media/C2oRbOuWEAAbVSl.jpg,1.0,Samoyed,0.416769,True,malamute,0.252706,True,kuvasz,0.157028,True,0.0,5936.0,1.3
420,822163064745328640,RT @dog_rates: This is Mattie. She's extremely dangerous. Will bite your h*ckin finger right off. Still 11/10 would pet with caution https:…,7.862339652418273e+17,4196983835.0,https://twitter.com/dog_rates/status/786233965241827333/photo/1,11,10,2016-10-12,2016.0,10.0,12.0,15:55:59 ,19,15.0,Twitter for iPhone,,Mattie,,,,,,,,,,,,,,1.1
422,821813639212650496,RT @dog_rates: Meet Hercules. He can have whatever he wants for the rest of eternity. 12/10 would snug passionately https://t.co/mH0IOyFdIG,7.806013036177326e+17,4196983835.0,"https://twitter.com/dog_rates/status/780601303617732608/photo/1,https://twitter.com/dog_rates/status/780601303617732608/photo/1",12,10,2016-09-27,2016.0,9.0,27.0,02:53:48 ,20,2.0,Twitter for iPhone,,Hercules,https://pbs.twimg.com/media/CtVAvX-WIAAcGTf.jpg,1.0,Saint_Bernard,0.995143,True,Cardigan,0.00304359,True,English_springer,0.00104955,True,,,1.2
425,821421320206483457,RT @dog_rates: This is Sampson. He just graduated. Ready to be a doggo now. Time for the real world. 12/10 have fun with taxes https://t.co…,7.82305867769217e+17,4196983835.0,"https://twitter.com/dog_rates/status/782305867769217024/photo/1,https://twitter.com/dog_rates/status/782305867769217024/photo/1,https://twitter.com/dog_rates/status/782305867769217024/photo/1",12,10,2016-10-01,2016.0,10.0,1.0,19:47:08 ,18,19.0,Twitter for iPhone,doggo,Sampson,,,,,,,,,,,,0.0,5113.0,1.2
431,820837357901512704,RT @dog_rates: This is Finn. He's wondering if you come here often. Fr*ckin flirtatious af. 12/10 would give number to https://t.co/ii5eNX5…,8.192276884602388e+17,4196983835.0,https://twitter.com/dog_rates/status/819227688460238848/photo/1,12,10,2017-01-11,2017.0,1.0,11.0,17:01:16 ,3,17.0,Twitter for iPhone,,Finn,,,,,,,,,,,,0.0,6217.0,1.2
434,820494788566847489,"RT @dog_rates: We are proud to support @LoveYourMelon on their mission to put a hat on every kid battling cancer. They are 14/10

https://t…",8.203146337770619e+17,4196983835.0,"https://www.loveyourmelon.com/pages/ourstory,https://twitter.com/dog_rates/status/820314633777061888/photo/1,https://twitter.com/dog_rates/status/820314633777061888/photo/1,https://twitter.com/dog_rates/status/820314633777061888/photo/1",14,10,2017-01-14,2017.0,1.0,14.0,17:00:24 ,4,17.0,Twitter for iPhone,,None,,,,,,,,,,,,,,1.4
435,820446719150292993,RT @dog_rates: This is Peaches. She's the ultimate selfie sidekick. Super sneaky tongue slip appreciated. 13/10 https://t.co/pbKOesr8Tg,8.001414224018309e+17,4196983835.0,"https://twitter.com/dog_rates/status/800141422401830912/photo/1,https://twitter.com/dog_rates/status/800141422401830912/photo/1,https://twitter.com/dog_rates/status/800141422401830912/photo/1,https://twitter.com/dog_rates/status/800141422401830912/photo/1,https://twitter.com/dog_rates/status/800141422401830912/photo/1,https://twitter.com/dog_rates/status/800141422401830912/photo/1",13,10,2016-11-20,2016.0,11.0,20.0,00:59:15 ,1,0.0,Twitter for iPhone,,Peaches,https://pbs.twimg.com/media/CxqsX-8XUAAEvjD.jpg,3.0,golden_retriever,0.938048,True,kuvasz,0.0251195,True,Labrador_retriever,0.0229773,True,0.0,2383.0,1.3
438,820013781606658049,"RT @dog_rates: This is Oliver. He has dreams of being a service puppo so he can help his owner. 13/10 selfless af

make it happen:
https://…",8.199522364533637e+17,4196983835.0,"https://www.gofundme.com/servicedogoliver,https://twitter.com/dog_rates/status/819952236453363712/photo/1",13,10,2017-01-13,2017.0,1.0,13.0,17:00:21 ,21,17.0,Twitter for iPhone,puppo,Oliver,,,,,,,,,,,,,,1.3
446,819015337530290176,RT @dog_rates: This is Bo. He was a very good First Doggo. 14/10 would be an absolute honor to pet https://t.co/AdPKrI8BZ1,8.190048031079834e+17,4196983835.0,"https://twitter.com/dog_rates/status/819004803107983360/photo/1,https://twitter.com/dog_rates/status/819004803107983360/photo/1,https://twitter.com/dog_rates/status/819004803107983360/photo/1,https://twitter.com/dog_rates/status/819004803107983360/photo/1,https://twitter.com/dog_rates/status/819004803107983360/photo/1,https://twitter.com/dog_rates/status/819004803107983360/photo/1,https://twitter.com/dog_rates/status/819004803107983360/photo/1,https://twitter.com/dog_rates/status/819004803107983360/photo/1",14,10,2017-01-11,2017.0,1.0,11.0,02:15:36 ,2,2.0,Twitter for iPhone,doggo,Bo,https://pbs.twimg.com/media/C12whDoVEAALRxa.jpg,1.0,standard_poodle,0.351308,True,toy_poodle,0.271929,True,Tibetan_terrier,0.0947592,True,,,1.4
447,819015331746349057,RT @dog_rates: This is Sunny. She was also a very good First Doggo. 14/10 would also be an absolute honor to pet https://t.co/YOC1fHFCSb,8.19006400881918e+17,4196983835.0,"https://twitter.com/dog_rates/status/819006400881917954/photo/1,https://twitter.com/dog_rates/status/819006400881917954/photo/1,https://twitter.com/dog_rates/status/819006400881917954/photo/1,https://twitter.com/dog_rates/status/819006400881917954/photo/1,https://twitter.com/dog_rates/status/819006400881917954/photo/1,https://twitter.com/dog_rates/status/819006400881917954/photo/1,https://twitter.com/dog_rates/status/819006400881917954/photo/1,https://twitter.com/dog_rates/status/819006400881917954/photo/1",14,10,2017-01-11,2017.0,1.0,11.0,02:21:57 ,2,2.0,Twitter for iPhone,doggo,Sunny,https://pbs.twimg.com/media/C12x-JTVIAAzdfl.jpg,4.0,prison,0.907083,False,palace,0.0200891,False,umbrella,0.00784954,False,0.0,17735.0,1.4
450,818646164899774465,RT @dog_rates: This is Seamus. He's very bad at entering pools. Still a very good boy tho 11/10 https://t.co/hfi264QwYM,8.083448658682839e+17,4196983835.0,"https://vine.co/v/5QWd3LZqXxd,https://vine.co/v/5QWd3LZqXxd",11,10,2016-12-12,2016.0,12.0,12.0,16:16:49 ,2,16.0,Twitter for iPhone,,Seamus,,,,,,,,,,,,,,1.1
453,818588835076603904,RT @dog_rates: This is Chelsea. She forgot how to dog. 11/10 get it together pupper https://t.co/nBJ5RE4yHb,7.735475969965711e+17,4196983835.0,"https://twitter.com/dog_rates/status/773547596996571136/photo/1,https://twitter.com/dog_rates/status/773547596996571136/photo/1",11,10,2016-09-07,2016.0,9.0,7.0,15:44:53 ,22,15.0,Twitter for iPhone,pupper,Chelsea,https://pbs.twimg.com/media/Crwxb5yWgAAX5P_.jpg,1.0,Norwegian_elkhound,0.372202,True,Chesapeake_Bay_retriever,0.13718699999999998,True,malamute,0.07143619999999999,True,0.0,5669.0,1.1
455,818307523543449600,RT @dog_rates: Meet Moose. He doesn't want his friend to go back to college. 13/10 looks like you're staying home John https://t.co/LIhmM7i…,8.164505708148982e+17,4196983835.0,"https://twitter.com/dog_rates/status/816450570814898180/photo/1,https://twitter.com/dog_rates/status/816450570814898180/photo/1",13,10,2017-01-04,2017.0,1.0,4.0,01:05:59 ,4,1.0,Twitter for iPhone,,Moose,,,,,,,,,,,,0.0,7426.0,1.3
462,817502432452313088,RT @dog_rates: Meet Herschel. He's slightly bigger than ur average pupper. Looks lonely. Could probably ride 7/10 would totally pet https:/…,6.924173130233324e+17,4196983835.0,https://twitter.com/dog_rates/status/692417313023332352/photo/1,7,10,2016-01-27,2016.0,1.0,27.0,18:42:06 ,22,18.0,Twitter for iPhone,pupper,Herschel,,,,,,,,,,,,,,0.7
465,817181837579653120,RT @dog_rates: Here's a pupper with squeaky hiccups. Please enjoy. 13/10 https://t.co/MiMKtsLN6k,8.159660734094336e+17,4196983835.0,"https://twitter.com/dog_rates/status/815966073409433600/video/1,https://twitter.com/dog_rates/status/815966073409433600/video/1",13,10,2017-01-02,2017.0,1.0,2.0,17:00:46 ,1,17.0,Twitter for iPhone,pupper,None,https://pbs.twimg.com/ext_tw_video_thumb/815965888126062592/pu/img/JleSw4wRhgKDWQj5.jpg,1.0,Tibetan_mastiff,0.506312,True,Tibetan_terrier,0.29569,True,otterhound,0.0362507,True,0.0,7834.0,1.3
469,816829038950027264,RT @dog_rates: This is Betty. She's assisting with the dishes. Such a good puppo. 12/10 h*ckin helpful af https://t.co/dgvTPZ9tgI,7.90946055508652e+17,4196983835.0,"https://twitter.com/dog_rates/status/790946055508652032/photo/1,https://twitter.com/dog_rates/status/790946055508652032/photo/1",12,10,2016-10-25,2016.0,10.0,25.0,16:00:09 ,2,16.0,Twitter for iPhone,puppo,Betty,https://pbs.twimg.com/media/CvoBPWRWgAA4het.jpg,1.0,dishwasher,0.700466,False,golden_retriever,0.245773,True,chow,0.0390117,True,0.0,4372.0,1.2
475,816062466425819140,"RT @dog_rates: Meet Jack. He's one of the rare doggos that doesn't mind baths. 11/10 click the link to see how you can help Jack!

https://…",8.159907208174019e+17,4196983835.0,"https://www.gofundme.com/surgeryforjacktheminpin,https://twitter.com/dog_rates/status/815990720817401858/photo/1",11,10,2017-01-02,2017.0,1.0,2.0,18:38:42 ,23,18.0,Twitter for iPhone,,Jack,,,,,,,,,,,,0.0,942.0,1.1
476,816014286006976512,RT @dog_rates: This is Larry. He has no self control. Tongue still nifty af tho 11/10 https://t.co/ghyT4Ubk1r,7.320056171713372e+17,4196983835.0,"https://twitter.com/dog_rates/status/732005617171337216/photo/1,https://twitter.com/dog_rates/status/732005617171337216/photo/1,https://twitter.com/dog_rates/status/732005617171337216/photo/1,https://twitter.com/dog_rates/status/732005617171337216/photo/1",11,10,2016-05-16,2016.0,5.0,16.0,00:31:53 ,20,0.0,Twitter for iPhone,,Larry,https://pbs.twimg.com/media/CiibOMzUYAA9Mxz.jpg,1.0,English_setter,0.677408,True,Border_collie,0.052724,True,cocker_spaniel,0.0485719,True,,,1.1
479,815745968457060357,RT @dog_rates: Say hello to Levi. He's a Madagascan Butterbop. One of the more docile Butterbops I've seen. 12/10 would give all the pets h…,7.914069556843684e+17,4196983835.0,"https://twitter.com/dog_rates/status/791406955684368384/photo/1,https://twitter.com/dog_rates/status/791406955684368384/photo/1,https://twitter.com/dog_rates/status/791406955684368384/photo/1,https://twitter.com/dog_rates/status/791406955684368384/photo/1",12,10,2016-10-26,2016.0,10.0,26.0,22:31:36 ,2,22.0,Twitter for iPhone,,Levi,,,,,,,,,,,,0.0,3845.0,1.2
485,814578408554463233,RT @dog_rates: Meet Beau &amp; Wilbur. Wilbur stole Beau's bed from him. Wilbur now has so much room for activities. 9/10 for both pups https:/…,6.981954092195594e+17,4196983835.0,https://twitter.com/dog_rates/status/698195409219559425/photo/1,9,10,2016-02-12,2016.0,2.0,12.0,17:22:12 ,21,17.0,Twitter for iPhone,,Beau,,,,,,,,,,,,0.0,5440.0,0.9
488,813944609378369540,RT @dog_rates: This is Bruce. He never backs down from a challenge. 11/10 you got this Bruce https://t.co/aI7umZHIq7,7.902771173469757e+17,4196983835.0,"https://twitter.com/dog_rates/status/790277117346975746/photo/1,https://twitter.com/dog_rates/status/790277117346975746/photo/1",11,10,2016-10-23,2016.0,10.0,23.0,19:42:02 ,3,19.0,Twitter for iPhone,,Bruce,https://pbs.twimg.com/media/Cveg1-NXgAASaaT.jpg,1.0,Labrador_retriever,0.427742,True,Great_Dane,0.190503,True,curly-coated_retriever,0.146427,True,,,1.1
506,812747805718642688,"RT @dog_rates: Meet Sammy. At first I was like ""that's a snowflake. we only rate dogs,"" but he would've melted by now, so 10/10 https://t.c…",6.800554559518843e+17,4196983835.0,https://twitter.com/dog_rates/status/680055455951884288/photo/1,10,10,2015-12-24,2015.0,12.0,24.0,16:00:30 ,19,16.0,Twitter for iPhone,,Sammy,,,,,,,,,,,,,,1.0
522,809808892968534016,RT @dog_rates: This is Maximus. His face is stuck like that. Tragic really. Great tongue tho. 12/10 would pet firmly https://t.co/xIfrsMNLBR,7.93962221541933e+17,4196983835.0,"https://twitter.com/dog_rates/status/793962221541933056/photo/1,https://twitter.com/dog_rates/status/793962221541933056/photo/1,https://twitter.com/dog_rates/status/793962221541933056/photo/1,https://twitter.com/dog_rates/status/793962221541933056/photo/1",12,10,2016-11-02,2016.0,11.0,2.0,23:45:19 ,17,23.0,Twitter for iPhone,,Maximus,https://pbs.twimg.com/media/CwS4aqZXUAAe3IO.jpg,1.0,Labrador_retriever,0.8616510000000001,True,golden_retriever,0.0444618,True,Staffordshire_bullterrier,0.016496700000000003,True,0.0,4557.0,1.2
530,808134635716833280,RT @dog_rates: This is Milo. I would do terrible things for Milo. 13/10 https://t.co/R6wJyC2Tey,8.01167903437357e+17,4196983835.0,"https://twitter.com/dog_rates/status/801167903437357056/photo/1,https://twitter.com/dog_rates/status/801167903437357056/photo/1",13,10,2016-11-22,2016.0,11.0,22.0,20:58:07 ,2,20.0,Twitter for iPhone,,Milo,https://pbs.twimg.com/media/Cx5R8wPVEAALa9r.jpg,1.0,cocker_spaniel,0.74022,True,Dandie_Dinmont,0.061604499999999986,True,English_setter,0.0413314,True,0.0,5492.0,1.3
535,807059379405148160,RT @dog_rates: This is Cali. She arrived preassembled. Convenient af. 12/10 appears to be rather h*ckin pettable https://t.co/vOBV1ZqVcX,7.829691400091075e+17,4196983835.0,"https://twitter.com/dog_rates/status/782969140009107456/photo/1,https://twitter.com/dog_rates/status/782969140009107456/photo/1,https://twitter.com/dog_rates/status/782969140009107456/photo/1,https://twitter.com/dog_rates/status/782969140009107456/photo/1",12,10,2016-10-03,2016.0,10.0,3.0,15:42:44 ,3,15.0,Twitter for iPhone,,Cali,https://pbs.twimg.com/media/Ct2qO5PXEAE6eB0.jpg,1.0,seat_belt,0.474292,False,golden_retriever,0.17139300000000002,True,Labrador_retriever,0.110592,True,,,1.2
538,806620845233815552,RT @dog_rates: Idk why this keeps happening. We only rate dogs. Not Bangladeshi Couch Chipmunks. Please only send dogs... 12/10 https://t.c…,7.815246933963571e+17,4196983835.0,https://twitter.com/dog_rates/status/781524693396357120/photo/1,12,10,2016-09-29,2016.0,9.0,29.0,16:03:01 ,22,16.0,Twitter for iPhone,,None,,,,,,,,,,,,0.0,5124.0,1.2
541,806242860592926720,RT @dog_rates: This is Dave. He's currently in a predicament. Doesn't seem to mind tho. 12/10 someone assist Dave https://t.co/nfprKAXqwu,7.833346399853896e+17,4196983835.0,"https://twitter.com/dog_rates/status/783334639985389568/photo/1,https://twitter.com/dog_rates/status/783334639985389568/photo/1,https://twitter.com/dog_rates/status/783334639985389568/photo/1,https://twitter.com/dog_rates/status/783334639985389568/photo/1,https://twitter.com/dog_rates/status/783334639985389568/photo/1,https://twitter.com/dog_rates/status/783334639985389568/photo/1",12,10,2016-10-04,2016.0,10.0,4.0,15:55:06 ,21,15.0,Twitter for iPhone,,Dave,https://pbs.twimg.com/media/Ct72q9jWcAAhlnw.jpg,2.0,Cardigan,0.593858,True,Shetland_sheepdog,0.13061099999999998,True,Pembroke,0.100842,True,,,1.2
543,805958939288408065,"RT @dog_rates: This is Penny. She fought a bee and the bee won. 10/10 you're fine Penny, everything's fine https://t.co/zrMVdfFej6",7.827225987907256e+17,4196983835.0,"https://twitter.com/dog_rates/status/782722598790725632/photo/1,https://twitter.com/dog_rates/status/782722598790725632/photo/1",10,10,2016-10-02,2016.0,10.0,2.0,23:23:04 ,2,23.0,Twitter for iPhone,,Penny,https://pbs.twimg.com/media/CtzKC7zXEAALfSo.jpg,1.0,Irish_setter,0.574557,True,golden_retriever,0.339251,True,seat_belt,0.0461082,False,,,1.0
546,805823200554876929,RT @dog_rates: This is Reginald. He's one magical puppo. Aerodynamic af. 12/10 would catch https://t.co/t0cEeRbcXJ,7.841831657956557e+17,4196983835.0,"https://vine.co/v/5ghHLBMMdlV,https://vine.co/v/5ghHLBMMdlV",12,10,2016-10-07,2016.0,10.0,7.0,00:06:50 ,17,0.0,Twitter for iPhone,puppo,Reginald,,,,,,,,,,,,0.0,7439.0,1.2
552,804413760345620481,RT @dog_rates: This is Rusty. He's going D1 for sure. Insane vertical. 13/10 would draft https://t.co/AsykOwMrXQ,7.848260202937098e+17,4196983835.0,"https://twitter.com/dog_rates/status/784826020293709826/photo/1,https://twitter.com/dog_rates/status/784826020293709826/photo/1",13,10,2016-10-08,2016.0,10.0,8.0,18:41:19 ,19,18.0,Twitter for iPhone,,Rusty,https://pbs.twimg.com/media/CuRDF-XWcAIZSer.jpg,1.0,chow,0.0903414,True,binoculars,0.08349880000000001,False,Irish_setter,0.0774556,True,0.0,3000.0,1.3
555,803692223237865472,RT @dog_rates: I present to you... Dog Jesus. 13/10 (he could be sitting on a rock but I doubt it) https://t.co/fR1P3g5I6k,6.914168664520827e+17,4196983835.0,"https://twitter.com/dog_rates/status/691416866452082688/photo/1,https://twitter.com/dog_rates/status/691416866452082688/photo/1",13,10,2016-01-25,2016.0,1.0,25.0,00:26:41 ,20,0.0,Twitter for iPhone,,None,https://pbs.twimg.com/media/CZhn-QAWwAASQan.jpg,1.0,Lakeland_terrier,0.530104,True,Irish_terrier,0.197314,True,Airedale,0.08251460000000001,True,,,1.3
558,803321560782307329,RT @dog_rates: This is Philbert. His toilet broke and he doesn't know what to do. Trying not to panic. 11/10 furustrated af https://t.co/Nb…,7.677549302664643e+17,4196983835.0,https://twitter.com/dog_rates/status/767754930266464257/photo/1,11,10,2016-08-22,2016.0,8.0,22.0,16:06:54 ,19,16.0,Twitter for iPhone,,Philbert,,,,,,,,,,,,0.0,4938.0,1.1
561,802624713319034886,"RT @dog_rates: ""Yep... just as I suspected. You're not flossing."" 12/10 and 11/10 for the pup not flossing https://t.co/SuXcI9B7pQ",7.776842335402066e+17,4196983835.0,"https://twitter.com/dog_rates/status/777684233540206592/photo/1,https://twitter.com/dog_rates/status/777684233540206592/photo/1",12,10,2016-09-19,2016.0,9.0,19.0,01:42:24 ,21,1.0,Twitter for iPhone,,None,https://pbs.twimg.com/media/CsrjryzWgAAZY00.jpg,1.0,cocker_spaniel,0.253442,True,golden_retriever,0.16285,True,otterhound,0.110921,True,,,1.2
566,802247111496568832,RT @dog_rates: Everybody drop what you're doing and look at this dog. 13/10 must be super h*ckin rare https://t.co/I1bJUzUEW5,7.790560957887529e+17,4196983835.0,"https://twitter.com/dog_rates/status/779056095788752897/photo/1,https://twitter.com/dog_rates/status/779056095788752897/photo/1,https://twitter.com/dog_rates/status/779056095788752897/photo/1,https://twitter.com/dog_rates/status/779056095788752897/photo/1",13,10,2016-09-22,2016.0,9.0,22.0,20:33:42 ,20,20.0,Twitter for iPhone,,None,https://pbs.twimg.com/media/Cs_DYr1XEAA54Pu.jpg,1.0,Chihuahua,0.721188,True,toy_terrier,0.112943,True,kelpie,0.0533645,True,,,1.3
568,802185808107208704,"RT @ChinoChinako: They're good products, Brent

Mug holds drinks; hoodie is comfy af. 13/10 

Puppy Aika h*cking agrees. @dog_rates https:/…",8.000650281163858e+17,24885566.0,"https://twitter.com/ChinoChinako/status/800065028116385792/photo/1,https://twitter.com/ChinoChinako/status/800065028116385792/photo/1,https://twitter.com/ChinoChinako/status/800065028116385792/photo/1",13,10,2016-11-19,2016.0,11.0,19.0,19:55:41 ,16,19.0,Twitter for iPhone,,None,,,,,,,,,,,,,,1.3
574,801127390143516673,RT @dog_rates: This is Anakin. He strives to reach his full doggo potential. Born with blurry tail tho. 11/10 would still pet well https://…,7.75733305207554e+17,4196983835.0,https://twitter.com/dog_rates/status/775733305207554048/photo/1,11,10,2016-09-13,2016.0,9.0,13.0,16:30:07 ,18,16.0,Twitter for iPhone,doggo,Anakin,,,,,,,,,,,,,,1.1
577,800855607700029440,RT @Lin_Manuel: 11/10 would recommend. https://t.co/pnUF69K4xk,8.008540229702861e+17,79923701.0,"https://twitter.com/littlewiewel/status/800852955880628224,https://twitter.com/littlewiewel/status/800852955880628224",11,10,2016-11-22,2016.0,11.0,22.0,00:10:52 ,0,0.0,Twitter for iPhone,,None,,,,,,,,,,,,0.0,1511.0,1.1
581,800443802682937345,RT @dog_rates: This is Sampson. He's about to get hit with a vicious draw 2. Has no idea. 11/10 poor pupper https://t.co/FYT9QBEnKG,7.761133056561889e+17,4196983835.0,"https://twitter.com/dog_rates/status/776113305656188928/photo/1,https://twitter.com/dog_rates/status/776113305656188928/photo/1",11,10,2016-09-14,2016.0,9.0,14.0,17:40:06 ,21,17.0,Twitter for iPhone,pupper,Sampson,https://pbs.twimg.com/media/CsVO7ljW8AAckRD.jpg,1.0,mousetrap,0.777468,False,black_widow,0.0939402,False,paddlewheel,0.0174919,False,0.0,4013.0,1.1
583,800188575492947969,RT @dog_rates: This is Bo. He's a Benedoop Cumbersnatch. Seems frustrated with own feet. Portable as hell. 11/10 very solid pupper https://…,6.816940855398728e+17,4196983835.0,https://twitter.com/dog_rates/status/681694085539872773/photo/1,11,10,2015-12-29,2015.0,12.0,29.0,04:31:49 ,4,4.0,Twitter for iPhone,pupper,Bo,,,,,,,,,,,,0.0,3680.0,1.1
586,799774291445383169,RT @dog_rates: This is Tucker. He would like a hug. 13/10 someone hug him https://t.co/wdgY9oHPrT,7.750851326004429e+17,4196983835.0,"https://twitter.com/dog_rates/status/775085132600442880/photo/1,https://twitter.com/dog_rates/status/775085132600442880/photo/1",13,10,2016-09-11,2016.0,9.0,11.0,21:34:30 ,0,21.0,Twitter for iPhone,,Tucker,https://pbs.twimg.com/media/CsGnz64WYAEIDHJ.jpg,1.0,chow,0.316565,True,golden_retriever,0.241929,True,Pomeranian,0.157524,True,,,1.3
589,799308762079035393,RT @dog_rates: I WAS SENT THE ACTUAL DOG IN THE PROFILE PIC BY HIS OWNER THIS IS SO WILD. 14/10 ULTIMATE LEGEND STATUS https://t.co/7oQ1wpf…,7.74314403806253e+17,4196983835.0,"https://twitter.com/dog_rates/status/774314403806253056/photo/1,https://twitter.com/dog_rates/status/774314403806253056/photo/1,https://twitter.com/dog_rates/status/774314403806253056/photo/1,https://twitter.com/dog_rates/status/774314403806253056/photo/1",14,10,2016-09-09,2016.0,9.0,9.0,18:31:54 ,17,18.0,Twitter for iPhone,,None,,,,,,,,,,,,0.0,5059.0,1.4
594,798705661114773508,"RT @dog_rates: Meet Baloo. He's expecting a fast ground ball, hence the wide stance. Prepared af. 11/10 nothing runs like a pupper https://…",7.406769760217989e+17,4196983835.0,https://twitter.com/dog_rates/status/740676976021798912/photo/1,11,10,2016-06-08,2016.0,6.0,8.0,22:48:46 ,1,22.0,Twitter for iPhone,pupper,Baloo,,,,,,,,,,,,,,1.1
595,798701998996647937,RT @dog_rates: We normally don't rate marshmallows but this one appears to be flawlessly toasted so I'll make an exception. 10/10 https://t…,7.18631497683583e+17,4196983835.0,https://twitter.com/dog_rates/status/718631497683582976/photo/1,10,10,2016-04-09,2016.0,4.0,9.0,02:47:55 ,1,2.0,Twitter for iPhone,,None,,,,,,,,,,,,0.0,7213.0,1.0
596,798697898615730177,RT @dog_rates: This is Stubert. He just arrived. 10/10 https://t.co/HVGs5aAKAn,7.128090259859784e+17,4196983835.0,"https://twitter.com/dog_rates/status/712809025985978368/photo/1,https://twitter.com/dog_rates/status/712809025985978368/photo/1",10,10,2016-03-24,2016.0,3.0,24.0,01:11:29 ,1,1.0,Twitter for iPhone,,Stubert,https://pbs.twimg.com/media/CeRoBaxWEAABi0X.jpg,1.0,Labrador_retriever,0.8686709999999999,True,carton,0.0950952,False,pug,0.00765137,True,,,1.0
597,798694562394996736,"RT @dog_rates: I'm not sure what's happening here, but it's pretty spectacular. 12/10 for both https://t.co/JKXh0NbBNL",7.012147008817562e+17,4196983835.0,"https://twitter.com/dog_rates/status/701214700881756160/photo/1,https://twitter.com/dog_rates/status/701214700881756160/photo/1",12,10,2016-02-21,2016.0,2.0,21.0,01:19:47 ,1,1.0,Twitter for iPhone,,None,https://pbs.twimg.com/media/Cbs3DOAXIAAp3Bd.jpg,1.0,Chihuahua,0.615163,True,Pembroke,0.15950899999999998,True,basenji,0.08446569999999999,True,0.0,4626.0,1.2
598,798686750113755136,"RT @dog_rates: Say hello to Jack (pronounced ""Kevin""). He's a Virgo Episcopalian. Can summon rainbows. 11/10 magical as hell https://t.co/Y…",6.833918525575619e+17,4196983835.0,https://twitter.com/dog_rates/status/683391852557561860/photo/1,11,10,2016-01-02,2016.0,1.0,2.0,20:58:09 ,0,20.0,Twitter for iPhone,,Jack,,,,,,,,,,,,,,1.1
599,798682547630837760,RT @dog_rates: Here we see a rare pouched pupper. Ample storage space. Looks alert. Jumps at random. Kicked open that door. 8/10 https://t.…,6.769365419361853e+17,4196983835.0,https://twitter.com/dog_rates/status/676936541936185344/photo/1,8,10,2015-12-16,2015.0,12.0,16.0,01:27:03 ,0,1.0,Twitter for iPhone,pupper,None,,,,,,,,,,,,0.0,4418.0,0.8
600,798673117451325440,"RT @dog_rates: I shall call him squishy and he shall be mine, and he shall be my squishy. 13/10 https://t.co/WId5lxNdPH",6.755010759574897e+17,4196983835.0,"https://twitter.com/dog_rates/status/675501075957489664/photo/1,https://twitter.com/dog_rates/status/675501075957489664/photo/1",13,10,2015-12-12,2015.0,12.0,12.0,02:23:01 ,23,2.0,Twitter for iPhone,,None,https://pbs.twimg.com/media/CV_cnjHWUAADc-c.jpg,1.0,dough,0.806757,False,bakery,0.0279066,False,French_loaf,0.0181889,False,,,1.3
601,798665375516884993,RT @dog_rates: This is Lola. She fell asleep on a piece of pizza. 10/10 frighteningly relatable https://t.co/eqmkr2gmPH,6.718968093007094e+17,4196983835.0,"https://twitter.com/dog_rates/status/671896809300709376/photo/1,https://twitter.com/dog_rates/status/671896809300709376/photo/1",10,10,2015-12-02,2015.0,12.0,2.0,03:40:57 ,23,3.0,Twitter for iPhone,,Lola,https://pbs.twimg.com/media/CVMOlMiWwAA4Yxl.jpg,1.0,chow,0.243529,True,hamster,0.22715,False,Pomeranian,0.0560567,True,0.0,3667.0,1.0
602,798644042770751489,RT @dog_rates: This is Paull. He just stubbed his toe. 10/10 deep breaths Paull https://t.co/J5Mqn8VeYq,6.704449556561306e+17,4196983835.0,"https://twitter.com/dog_rates/status/670444955656130560/photo/1,https://twitter.com/dog_rates/status/670444955656130560/photo/1",10,10,2015-11-28,2015.0,11.0,28.0,03:31:48 ,21,3.0,Twitter for iPhone,,Paull,https://pbs.twimg.com/media/CU3mITUWIAAfyQS.jpg,1.0,English_springer,0.403698,True,Brittany_spaniel,0.347609,True,Welsh_springer_spaniel,0.137186,True,,,1.0
603,798628517273620480,RT @dog_rates: This a Norwegian Pewterschmidt named Tickles. Ears for days. 12/10 I care deeply for Tickles https://t.co/0aDF62KVP7,6.67509364010451e+17,4196983835.0,"https://twitter.com/dog_rates/status/667509364010450944/photo/1,https://twitter.com/dog_rates/status/667509364010450944/photo/1",12,10,2015-11-20,2015.0,11.0,20.0,01:06:48 ,20,1.0,Twitter for iPhone,,None,https://pbs.twimg.com/media/CUN4Or5UAAAa5K4.jpg,1.0,beagle,0.636169,True,Labrador_retriever,0.119256,True,golden_retriever,0.08254919999999999,True,0.0,1857.0,1.2
604,798585098161549313,RT @dog_rates: This is Timison. He just told an awful joke but is still hanging on to the hope that you'll laugh with him. 10/10 https://t.…,6.671827920700621e+17,4196983835.0,https://twitter.com/dog_rates/status/667182792070062081/photo/1,10,10,2015-11-19,2015.0,11.0,19.0,03:29:07 ,17,3.0,Twitter for iPhone,,Timison,,,,,,,,,,,,,,1.0
605,798576900688019456,RT @dog_rates: Not familiar with this breed. No tail (weird). Only 2 legs. Doesn't bark. Surprisingly quick. Shits eggs. 1/10 https://t.co/…,6.661041332886651e+17,4196983835.0,https://twitter.com/dog_rates/status/666104133288665088/photo/1,1,10,2015-11-16,2015.0,11.0,16.0,04:02:55 ,17,4.0,Twitter for iPhone,,None,,,,,,,,,,,,0.0,5459.0,0.1
606,798340744599797760,RT @dog_rates: This is Davey. He'll have your daughter home by 8. Just a stand up pup. 11/10 would introduce to mom https://t.co/E6bGWf9EOm,7.717704565170094e+17,4196983835.0,"https://twitter.com/dog_rates/status/771770456517009408/photo/1,https://twitter.com/dog_rates/status/771770456517009408/photo/1",11,10,2016-09-02,2016.0,9.0,2.0,18:03:10 ,1,18.0,Twitter for iPhone,,Davey,https://pbs.twimg.com/media/CrXhIqBW8AA6Bse.jpg,1.0,papillon,0.53318,True,collie,0.192031,True,Border_collie,0.121626,True,,,1.1
612,796904159865868288,RT @dog_rates: This is Tyrone. He's a leaf wizard. Self-motivated. No eyes (tragic). Inspirational af. 11/10 enthusiasm is tangible https:/…,6.8731730631424e+17,4196983835.0,"https://twitter.com/dog_rates/status/687317306314240000/photo/1,https://twitter.com/dog_rates/status/687317306314240000/photo/1",11,10,2016-01-13,2016.0,1.0,13.0,16:56:30 ,2,16.0,Twitter for iPhone,,Tyrone,,,,,,,,,,,,,,1.1
615,796563435802726400,RT @dog_rates: I want to finally rate this iconic puppo who thinks the parade is all for him. 13/10 would absolutely attend https://t.co/5d…,7.809316141509837e+17,4196983835.0,https://twitter.com/dog_rates/status/780931614150983680/photo/1,13,10,2016-09-28,2016.0,9.0,28.0,00:46:20 ,4,0.0,Twitter for iPhone,puppo,None,,,,,,,,,,,,0.0,6708.0,1.3
618,796177847564038144,RT @dog_rates: This is Ruby. She just turned on the news. Officially terrified. 11/10 deep breaths Ruby https://t.co/y5KarNXWXt,7.961497490868756e+17,4196983835.0,"https://twitter.com/dog_rates/status/796149749086875649/photo/1,https://twitter.com/dog_rates/status/796149749086875649/photo/1,https://twitter.com/dog_rates/status/796149749086875649/photo/1,https://twitter.com/dog_rates/status/796149749086875649/photo/1",11,10,2016-11-09,2016.0,11.0,9.0,00:37:46 ,2,0.0,Twitter for iPhone,,Ruby,https://pbs.twimg.com/media/Cwx99rpW8AMk_Ie.jpg,1.0,golden_retriever,0.600276,True,Labrador_retriever,0.140798,True,seat_belt,0.0873548,False,,,1.1
627,794983741416415232,RT @dog_rates: This is Rizzy. She smiles a lot. 12/10 contagious af https://t.co/TU4sZogVIq,7.895308770133934e+17,4196983835.0,"https://twitter.com/dog_rates/status/789530877013393408/photo/1,https://twitter.com/dog_rates/status/789530877013393408/photo/1,https://twitter.com/dog_rates/status/789530877013393408/photo/1,https://twitter.com/dog_rates/status/789530877013393408/photo/1,https://twitter.com/dog_rates/status/789530877013393408/photo/1,https://twitter.com/dog_rates/status/789530877013393408/photo/1",12,10,2016-10-21,2016.0,10.0,21.0,18:16:44 ,19,18.0,Twitter for iPhone,,Rizzy,https://pbs.twimg.com/media/CvT6IV6WEAQhhV5.jpg,3.0,schipperke,0.363272,True,kelpie,0.197021,True,Norwegian_elkhound,0.151024,True,0.0,3148.0,1.2
629,794355576146903043,RT @dog_rates: This is Butter. She can have whatever she wants forever. 12/10 would hug softly https://t.co/x5gXRS1abq,7.887659149929021e+17,4196983835.0,"https://twitter.com/dog_rates/status/788765914992902144/photo/1,https://twitter.com/dog_rates/status/788765914992902144/photo/1",12,10,2016-10-19,2016.0,10.0,19.0,15:37:03 ,1,15.0,Twitter for iPhone,,Butter,https://pbs.twimg.com/media/CvJCabcWgAIoUxW.jpg,1.0,cocker_spaniel,0.500509,True,golden_retriever,0.27273400000000003,True,jigsaw_puzzle,0.041475800000000014,False,0.0,9632.0,1.2
634,793614319594401792,RT @dog_rates: When she says you're a good boy and you know you're a good boy because you're a good boy. 13/10 https://t.co/O5IUmRHRIh,7.916723228476375e+17,4196983835.0,"https://twitter.com/dog_rates/status/791672322847637504/photo/1,https://twitter.com/dog_rates/status/791672322847637504/photo/1",13,10,2016-10-27,2016.0,10.0,27.0,16:06:04 ,0,16.0,Twitter for iPhone,,None,https://pbs.twimg.com/media/CvyVxQRWEAAdSZS.jpg,1.0,golden_retriever,0.705092,True,Labrador_retriever,0.219721,True,kuvasz,0.015965,True,,,1.3
654,791821351946420224,RT @dog_rates: This little fella really hates stairs. Prefers bush. 13/10 legendary pupper https://t.co/e3LPMAHj7p,6.848309826592809e+17,4196983835.0,"https://vine.co/v/eEZXZI1rqxX,https://vine.co/v/eEZXZI1rqxX",13,10,2016-01-06,2016.0,1.0,6.0,20:16:44 ,1,20.0,Twitter for iPhone,pupper,None,,,,,,,,,,,,,,1.3
655,791784077045166082,RT @dog_rates: I'm not sure what this dog is doing but it's pretty inspirational. 12/10 https://t.co/4Kn9GEHXiE,6.820880793022136e+17,4196983835.0,"https://vine.co/v/iqMjlxULzbn,https://vine.co/v/iqMjlxULzbn",12,10,2015-12-30,2015.0,12.0,30.0,06:37:25 ,23,6.0,Twitter for iPhone,,None,,,,,,,,,,,,0.0,8850.0,1.2
656,791780927877898241,RT @dog_rates: This is Maddie. She gets some wicked air time. Hardcore barkour. 11/10 nimble af https://t.co/bROYbceZ1u,7.467577061161124e+17,4196983835.0,"https://vine.co/v/5BYq6hmrEI3,https://vine.co/v/5BYq6hmrEI3",11,10,2016-06-25,2016.0,6.0,25.0,17:31:25 ,23,17.0,Twitter for iPhone,,Maddie,,,,,,,,,,,,,,1.1
661,791026214425268224,RT @dog_rates: This is Alfie. He's touching a butt. Couldn't be happier. 11/10 https://t.co/gx3xF5mZbo,7.638375655647805e+17,4196983835.0,"https://twitter.com/dog_rates/status/763837565564780549/photo/1,https://twitter.com/dog_rates/status/763837565564780549/photo/1",11,10,2016-08-11,2016.0,8.0,11.0,20:40:41 ,21,20.0,Twitter for iPhone,,Alfie,https://pbs.twimg.com/media/CpmyNumW8AAAJGj.jpg,1.0,malamute,0.375098,True,jean,0.0693617,False,keeshond,0.0505276,True,0.0,3792.0,1.1
664,790723298204217344,RT @dog_rates: This is Happy. He's a bathtub reviewer. Seems to be pleased with this one. 12/10 https://t.co/Ln89R4FP7v,7.899864660510884e+17,4196983835.0,"https://twitter.com/dog_rates/status/789986466051088384/photo/1,https://twitter.com/dog_rates/status/789986466051088384/photo/1",12,10,2016-10-23,2016.0,10.0,23.0,00:27:05 ,1,0.0,Twitter for iPhone,,Happy,https://pbs.twimg.com/media/CvaYgDOWgAEfjls.jpg,1.0,tub,0.479477,False,bathtub,0.325106,False,golden_retriever,0.07853049999999999,True,,,1.2
669,790227638568808452,RT @dog_rates: This is Leela. She's a Fetty Woof. Lost eye while saving a baby from an avalanche. 11/10 true h*ckin hero https://t.co/2lBg3…,7.626998581301166e+17,4196983835.0,https://twitter.com/dog_rates/status/762699858130116608/photo/1,11,10,2016-08-08,2016.0,8.0,8.0,17:19:51 ,16,17.0,Twitter for iPhone,,Leela,,,,,,,,,,,,0.0,3294.0,1.1
671,789960241177853952,RT @dog_rates: This is Buddy. His father was a bear and his mother was a perfectly toasted marshmallow. 12/10 would snug so well https://t.…,7.624645393884856e+17,4196983835.0,"https://twitter.com/dog_rates/status/762464539388485633/photo/1,https://twitter.com/dog_rates/status/762464539388485633/photo/1,https://twitter.com/dog_rates/status/762464539388485633/photo/1,https://twitter.com/dog_rates/status/762464539388485633/photo/1",12,10,2016-08-08,2016.0,8.0,8.0,01:44:46 ,22,1.0,Twitter for iPhone,,Buddy,,,,,,,,,,,,0.0,3810.0,1.2
677,789280767834746880,RT @dog_rates: This is Meyer. He has to hold somebody's hand during car rides. He's also wearing a seatbelt. 12/10 responsible af https://t…,7.507196325631427e+17,4196983835.0,https://twitter.com/dog_rates/status/750719632563142656/photo/1,12,10,2016-07-06,2016.0,7.0,6.0,15:54:42 ,1,15.0,Twitter for iPhone,,Meyer,,,,,,,,,,,,0.0,4576.0,1.2
682,788552643979468800,RT @dog_rates: Say hello to mad pupper. You know what you did. 13/10 would pet until no longer furustrated https://t.co/u1ulQ5heLX,7.36392552031658e+17,4196983835.0,"https://vine.co/v/iEggaEOiLO3,https://vine.co/v/iEggaEOiLO3",13,10,2016-05-28,2016.0,5.0,28.0,03:04:00 ,1,3.0,Twitter for iPhone,pupper,,,,,,,,,,,,,,,1.3
686,788070120937619456,RT @dog_rates: This is Bo and Ty. Bo eats paper and Ty felt left out. 11/10 for both https://t.co/1acHQS8rvK,7.610045478505308e+17,4196983835.0,"https://twitter.com/dog_rates/status/761004547850530816/photo/1,https://twitter.com/dog_rates/status/761004547850530816/photo/1",11,10,2016-08-04,2016.0,8.0,4.0,01:03:17 ,17,1.0,Twitter for iPhone,,Bo,https://pbs.twimg.com/media/Co-hmcYXYAASkiG.jpg,1.0,golden_retriever,0.735163,True,Sussex_spaniel,0.064897,True,Labrador_retriever,0.0477037,True,,,1.1
692,787111942498508800,RT @dog_rates: This is Carl. He's very powerful. 12/10 don't mess with Carl https://t.co/v5m2bIukXc,7.529324327441859e+17,4196983835.0,"https://vine.co/v/OEppMFbejFz,https://vine.co/v/OEppMFbejFz",12,10,2016-07-12,2016.0,7.0,12.0,18:27:35 ,2,18.0,Twitter for iPhone,,Carl,,,,,,,,,,,,,,1.2
694,786729988674449408,RT @dog_rates: This is Oakley. He has no idea what happened here. Even offered to help clean it up. 11/10 such a heckin good boy https://t.…,7.594476815971082e+17,4196983835.0,https://twitter.com/dog_rates/status/759447681597108224/photo/1,11,10,2016-07-30,2016.0,7.0,30.0,17:56:51 ,0,17.0,Twitter for iPhone,,Oakley,,,,,,,,,,,,,,1.1
702,786036967502913536,RT @dog_rates: This is Scout. He really wants to kiss himself. H*ckin inappropriate. 11/10 narcissistic af https://t.co/x0gV2Ck3AD,7.798343325968876e+17,4196983835.0,"https://twitter.com/dog_rates/status/779834332596887552/photo/1,https://twitter.com/dog_rates/status/779834332596887552/photo/1,https://twitter.com/dog_rates/status/779834332596887552/photo/1,https://twitter.com/dog_rates/status/779834332596887552/photo/1,https://twitter.com/dog_rates/status/779834332596887552/photo/1,https://twitter.com/dog_rates/status/779834332596887552/photo/1,https://twitter.com/dog_rates/status/779834332596887552/photo/1,https://twitter.com/dog_rates/status/779834332596887552/photo/1",11,10,2016-09-25,2016.0,9.0,25.0,00:06:08 ,2,0.0,Twitter for iPhone,,Scout,https://pbs.twimg.com/media/CtKHLuCWYAA2TTs.jpg,1.0,golden_retriever,0.99383,True,cocker_spaniel,0.00314271,True,Great_Pyrenees,0.000917414,True,,,1.1
720,783347506784731136,RT @dog_rates: This is Kenny. He just wants to be included in the happenings. 11/10 https://t.co/2S6oye3XqK,6.742918370630533e+17,4196983835.0,"https://twitter.com/dog_rates/status/674291837063053312/photo/1,https://twitter.com/dog_rates/status/674291837063053312/photo/1",11,10,2015-12-08,2015.0,12.0,8.0,18:17:56 ,16,18.0,Twitter for iPhone,,Kenny,https://pbs.twimg.com/media/CVuQ2LeUsAAIe3s.jpg,1.0,Cardigan,0.611525,True,Pembroke,0.368566,True,Chihuahua,0.00332957,True,,,1.1
728,782021823840026624,RT @dog_rates: This is Harper. She scraped her elbow attempting a backflip off a tree. Valiant effort tho. 12/10 https://t.co/oHKJHghrp5,7.076109487234785e+17,4196983835.0,"https://twitter.com/dog_rates/status/707610948723478529/photo/1,https://twitter.com/dog_rates/status/707610948723478529/photo/1",12,10,2016-03-09,2016.0,3.0,9.0,16:56:11 ,0,16.0,Twitter for iPhone,,Harper,https://pbs.twimg.com/media/CdHwZd0VIAA4792.jpg,1.0,golden_retriever,0.383223,True,cocker_spaniel,0.16593,True,Chesapeake_Bay_retriever,0.118199,True,,,1.2
741,780496263422808064,RT @dog_rates: This is Bell. She likes holding hands. 12/10 would definitely pet with other hand https://t.co/BXIuvkQO9b,7.424231704734638e+17,4196983835.0,"https://twitter.com/dog_rates/status/742423170473463808/photo/1,https://twitter.com/dog_rates/status/742423170473463808/photo/1",12,10,2016-06-13,2016.0,6.0,13.0,18:27:32 ,19,18.0,Twitter for iPhone,,Bell,https://pbs.twimg.com/media/Ck2d7tJWUAEPTL3.jpg,1.0,pug,0.99731,True,Brabancon_griffon,0.00118563,True,French_bulldog,0.000427989,True,0.0,3411.0,1.2
742,780476555013349377,"RT @Patreon: Well. @dog_rates is on Patreon. 

12/10. 

https://t.co/rnKvzt6RJs https://t.co/v4e2ywe8iO",7.804657092979958e+17,1228325660.0,"https://www.patreon.com/WeRateDogs,https://twitter.com/Patreon/status/780465709297995776/photo/1,https://www.patreon.com/WeRateDogs,https://twitter.com/Patreon/status/780465709297995776/photo/1",12,10,2016-09-26,2016.0,9.0,26.0,17:55:00 ,18,17.0,Twitter for iPhone,,None,https://pbs.twimg.com/tweet_video_thumb/CtTFZZfUsAE5hgp.jpg,1.0,pug,0.919255,True,French_bulldog,0.0323503,True,bull_mastiff,0.028467900000000008,True,,,1.2
745,780092040432480260,RT @dog_rates: This is Hank. He's mischievous af. Doesn't even know what he was trying to do here. 8/10 quit the shit Hank damn https://t.c…,7.533756688770089e+17,4196983835.0,https://twitter.com/dog_rates/status/753375668877008896/photo/1,8,10,2016-07-13,2016.0,7.0,13.0,23:48:51 ,17,23.0,Twitter for iPhone,,Hank,,,,,,,,,,,,0.0,2120.0,0.8
749,779124354206535695,RT @dog_rates: Meet Hurley. He's the curly one. He hugs every other dog he sees during his walk. 11/10 for spreading the love https://t.co/…,6.794628231356867e+17,4196983835.0,https://twitter.com/dog_rates/status/679462823135686656/photo/1,11,10,2015-12-23,2015.0,12.0,23.0,00:45:35 ,1,0.0,Twitter for iPhone,,Hurley,,,,,,,,,,,,0.0,16944.0,1.1
753,778774459159379968,RT @dog_rates: In case you haven't seen the most dramatic sneeze ever... 13/10 https://t.co/iy7ylyZcsE,7.580996357643592e+17,4196983835.0,"https://vine.co/v/hQJbaj1VpIz,https://vine.co/v/hQJbaj1VpIz",13,10,2016-07-27,2016.0,7.0,27.0,00:40:12 ,1,0.0,Twitter for iPhone,,None,,,,,,,,,,,,,,1.3
759,778396591732486144,RT @dog_rates: This is an East African Chalupa Seal. We only rate dogs. Please only send in dogs. Thank you... 10/10 https://t.co/iHe6liLwWR,7.030419496500347e+17,4196983835.0,"https://twitter.com/dog_rates/status/703041949650034688/photo/1,https://twitter.com/dog_rates/status/703041949650034688/photo/1",10,10,2016-02-26,2016.0,2.0,26.0,02:20:37 ,0,2.0,Twitter for iPhone,,,https://pbs.twimg.com/media/CcG07BYW0AErrC9.jpg,1.0,hippopotamus,0.581403,False,doormat,0.152445,False,sea_lion,0.0263643,False,,,1.0
764,777953400541634568,RT @dog_rates: Meet Gerald. He's a fairly exotic doggo. Floofy af. Inadequate knees tho. Self conscious about large forehead. 8/10 https://…,7.681934045178307e+17,4196983835.0,https://twitter.com/dog_rates/status/768193404517830656/photo/1,8,10,2016-08-23,2016.0,8.0,23.0,21:09:14 ,19,21.0,Twitter for iPhone,doggo,Gerald,,,,,,,,,,,,0.0,3256.0,0.8
767,777641927919427584,RT @dog_rates: This is Arnie. He's a Nova Scotian Fridge Floof. Rare af. 12/10 https://t.co/lprdOylVpS,7.50429297815552e+17,4196983835.0,"https://twitter.com/dog_rates/status/750429297815552001/photo/1,https://twitter.com/dog_rates/status/750429297815552001/photo/1,https://twitter.com/dog_rates/status/750429297815552001/photo/1,https://twitter.com/dog_rates/status/750429297815552001/photo/1",12,10,2016-07-05,2016.0,7.0,5.0,20:41:01 ,22,20.0,Twitter for iPhone,,Arnie,https://pbs.twimg.com/media/CmoPdmHW8AAi8BI.jpg,1.0,golden_retriever,0.964929,True,Labrador_retriever,0.0115837,True,refrigerator,0.00749862,False,,,1.2
770,776819012571455488,RT @dog_rates: Everybody look at this beautiful pupper 13/10 https://t.co/hyAC5Hq9GC,6.798284471878574e+17,4196983835.0,"https://twitter.com/dog_rates/status/679828447187857408/photo/1,https://twitter.com/dog_rates/status/679828447187857408/photo/1,https://twitter.com/dog_rates/status/679828447187857408/photo/1,https://twitter.com/dog_rates/status/679828447187857408/photo/1,https://twitter.com/dog_rates/status/679828447187857408/photo/1,https://twitter.com/dog_rates/status/679828447187857408/photo/1",13,10,2015-12-24,2015.0,12.0,24.0,00:58:27 ,16,0.0,Twitter for iPhone,pupper,None,https://pbs.twimg.com/media/CW88XN4WsAAlo8r.jpg,3.0,Chihuahua,0.346545,True,dalmatian,0.166246,True,toy_terrier,0.117502,True,0.0,12545.0,1.3
773,776249906839351296,RT @dog_rates: We only rate dogs. Pls stop sending in non-canines like this Mongolian grass snake. This is very frustrating. 11/10 https://…,7.007477885150208e+17,4196983835.0,https://twitter.com/dog_rates/status/700747788515020802/photo/1,11,10,2016-02-19,2016.0,2.0,19.0,18:24:26 ,2,18.0,Twitter for iPhone,,,,,,,,,,,,,,,,1.1
778,775898661951791106,"RT @dog_rates: Like father (doggo), like son (pupper). Both 12/10 https://t.co/pG2inLaOda",7.33109485275861e+17,4196983835.0,"https://twitter.com/dog_rates/status/733109485275860992/photo/1,https://twitter.com/dog_rates/status/733109485275860992/photo/1",12,10,2016-05-19,2016.0,5.0,19.0,01:38:16 ,3,1.0,Twitter for iPhone,pupper,None,https://pbs.twimg.com/media/CiyHLocU4AI2pJu.jpg,1.0,golden_retriever,0.945523,True,Labrador_retriever,0.0423191,True,doormat,0.00395626,False,0.0,15464.0,1.2
784,775096608509886464,"RT @dog_rates: After so many requests, this is Bretagne. She was the last surviving 9/11 search dog, and our second ever 14/10. RIP https:/…",7.40373189193257e+17,4196983835.0,"https://twitter.com/dog_rates/status/740373189193256964/photo/1,https://twitter.com/dog_rates/status/740373189193256964/photo/1,https://twitter.com/dog_rates/status/740373189193256964/photo/1,https://twitter.com/dog_rates/status/740373189193256964/photo/1",9,11,2016-06-08,2016.0,6.0,8.0,02:41:38 ,22,2.0,Twitter for iPhone,,None,,,,,,,,,,,,,,0.8181818181818182
794,773336787167145985,RT @dog_rates: Meet Fizz. She thinks love is a social construct consisting solely of ideals perpetuated by mass media 11/10 woke af https:/…,7.713807980962816e+17,4196983835.0,"https://twitter.com/dog_rates/status/771380798096281600/photo/1,https://twitter.com/dog_rates/status/771380798096281600/photo/1,https://twitter.com/dog_rates/status/771380798096281600/photo/1,https://twitter.com/dog_rates/status/771380798096281600/photo/1",11,10,2016-09-01,2016.0,9.0,1.0,16:14:48 ,1,16.0,Twitter for iPhone,,Fizz,,,,,,,,,,,,,,1.1
800,772615324260794368,RT @dog_rates: This is Gromit. He's pupset because there's no need to beware of him. Just wants a pettin. 10/10 https://t.co/eSvz4EapHH,7.652220986336911e+17,4196983835.0,"https://twitter.com/dog_rates/status/765222098633691136/photo/1,https://twitter.com/dog_rates/status/765222098633691136/photo/1",10,10,2016-08-15,2016.0,8.0,15.0,16:22:20 ,2,16.0,Twitter for iPhone,,Gromit,https://pbs.twimg.com/media/Cp6db4-XYAAMmqL.jpg,1.0,dalmatian,0.556595,True,whippet,0.151047,True,American_Staffordshire_terrier,0.0964355,True,,,1.0
811,771171053431250945,RT @dog_rates: This is Frankie. He's wearing blush. 11/10 really accents the cheek bones https://t.co/iJABMhVidf,6.733201328113664e+17,4196983835.0,"https://twitter.com/dog_rates/status/673320132811366400/photo/1,https://twitter.com/dog_rates/status/673320132811366400/photo/1,https://twitter.com/dog_rates/status/673320132811366400/photo/1,https://twitter.com/dog_rates/status/673320132811366400/photo/1,https://twitter.com/dog_rates/status/673320132811366400/photo/1,https://twitter.com/dog_rates/status/673320132811366400/photo/1,https://twitter.com/dog_rates/status/673320132811366400/photo/1,https://twitter.com/dog_rates/status/673320132811366400/photo/1",11,10,2015-12-06,2015.0,12.0,6.0,01:56:44 ,2,1.0,Twitter for iPhone,,Frankie,https://pbs.twimg.com/media/CVgdFjNWEAAxmbq.jpg,3.0,Samoyed,0.978833,True,Pomeranian,0.012763,True,Eskimo_dog,0.00185305,True,0.0,6869.0,1.1
815,771004394259247104,RT @katieornah: @dog_rates learning a lot at college 12/10 for my professor thank u for the pupper slides https://t.co/nTFDr99hg0,7.710021304507433e+17,1732729088.0,"https://twitter.com/katieornah/status/771002130450743296/photo/1,https://twitter.com/katieornah/status/771002130450743296/photo/1",12,10,2016-08-31,2016.0,8.0,31.0,15:10:07 ,15,15.0,Twitter for iPhone,pupper,None,https://pbs.twimg.com/media/CrMmVqyWcAIDCHI.jpg,1.0,home_theater,0.414338,False,iPod,0.0527413,False,pop_bottle,0.0488206,False,,,1.2
818,770743923962707968,RT @dog_rates: Here's a doggo blowing bubbles. It's downright legendary. 13/10 would watch on repeat forever (vid by Kent Duryee) https://t…,7.392381577916948e+17,4196983835.0,https://twitter.com/dog_rates/status/739238157791694849/video/1,13,10,2016-06-04,2016.0,6.0,4.0,23:31:25 ,22,23.0,Twitter for iPhone,doggo,None,,,,,,,,,,,,,,1.3
822,770093767776997377,RT @dog_rates: This is just downright precious af. 12/10 for both pupper and doggo https://t.co/o5J479bZUC,7.410673068187976e+17,4196983835.0,"https://twitter.com/dog_rates/status/741067306818797568/photo/1,https://twitter.com/dog_rates/status/741067306818797568/photo/1",12,10,2016-06-10,2016.0,6.0,10.0,00:39:48 ,3,0.0,Twitter for iPhone,pupper,,https://pbs.twimg.com/media/CkjMx99UoAM2B1a.jpg,1.0,golden_retriever,0.843799,True,Labrador_retriever,0.0529559,True,kelpie,0.0357111,True,,,1.2
826,769335591808995329,RT @dog_rates: Ever seen a dog pet another dog? Both 13/10 truly an awe-inspiring scene. (Vid by @mdougherty20) https://t.co/3PoKf6cw7f,7.069045238146499e+17,4196983835.0,"https://vine.co/v/iXQAm5Lrgrh,https://vine.co/v/iXQAm5Lrgrh",13,10,2016-03-07,2016.0,3.0,7.0,18:09:06 ,0,18.0,Twitter for iPhone,,None,,,,,,,,,,,,,,1.3
829,768909767477751808,RT @dog_rates: When it's Janet from accounting's birthday but you can't eat the cake cuz it's chocolate. 10/10 hang in there pupper https:/…,7.001437520531825e+17,4196983835.0,https://twitter.com/dog_rates/status/700143752053182464/photo/1,10,10,2016-02-18,2016.0,2.0,18.0,02:24:13 ,20,2.0,Twitter for iPhone,pupper,None,,,,,,,,,,,,0.0,2430.0,1.0
833,768554158521745409,RT @dog_rates: This is Nollie. She's waving at you. If you don't wave back you're a monster. She's also portable as hell. 12/10 https://t.c…,7.399791916392448e+17,4196983835.0,https://twitter.com/dog_rates/status/739979191639244800/photo/1,12,10,2016-06-07,2016.0,6.0,7.0,00:36:02 ,21,0.0,Twitter for iPhone,,Nollie,,,,,,,,,,,,0.0,5368.0,1.2
841,766864461642756096,RT @dog_rates: We only rate dogs... this is a Taiwanese Guide Walrus. Im getting real heckin tired of this. Please send dogs. 10/10 https:/…,7.599237987370516e+17,4196983835.0,https://twitter.com/dog_rates/status/759923798737051648/photo/1,10,10,2016-08-01,2016.0,8.0,1.0,01:28:46 ,5,1.0,Twitter for iPhone,,None,,,,,,,,,,,,,,1.0
847,766078092750233600,RT @dog_rates: This is Colby. He's currently regretting all those times he shook your hand for an extra treat. 12/10 https://t.co/vtVHtKFtBH,7.258422890467492e+17,4196983835.0,"https://twitter.com/dog_rates/status/725842289046749185/photo/1,https://twitter.com/dog_rates/status/725842289046749185/photo/1",12,10,2016-04-29,2016.0,4.0,29.0,00:21:01 ,1,0.0,Twitter for iPhone,,Colby,https://pbs.twimg.com/media/ChK1tdBWwAQ1flD.jpg,1.0,toy_poodle,0.420463,True,miniature_poodle,0.13264,True,Chesapeake_Bay_retriever,0.121523,True,,,1.2
860,763167063695355904,RT @dog_rates: Meet Eve. She's a raging alcoholic 8/10 (would b 11/10 but pupper alcoholism is a tragic issue that I can't condone) https:/…,6.732952685536051e+17,4196983835.0,https://twitter.com/dog_rates/status/673295268553605120/photo/1,8,10,2015-12-06,2015.0,12.0,6.0,00:17:55 ,0,0.0,Twitter for iPhone,pupper,Eve,,,,,,,,,,,,0.0,2743.0,0.8
868,761750502866649088,"RT @dog_rates: ""Tristan do not speak to me with that kind of tone or I will take away the Xbox."" 10/10 https://t.co/VGPH0TfESw",6.853251128501248e+17,4196983835.0,"https://twitter.com/dog_rates/status/685325112850124800/photo/1,https://twitter.com/dog_rates/status/685325112850124800/photo/1",10,10,2016-01-08,2016.0,1.0,8.0,05:00:14 ,2,5.0,Twitter for iPhone,,None,https://pbs.twimg.com/media/CYLDikFWEAAIy1y.jpg,1.0,golden_retriever,0.586937,True,Labrador_retriever,0.39826,True,kuvasz,0.00540969,True,0.0,3576.0,1.0
872,761371037149827077,RT @dog_rates: Oh. My. God. 13/10 magical af https://t.co/Ezu6jQrKAZ,7.116947884295537e+17,4196983835.0,"https://twitter.com/dog_rates/status/711694788429553666/photo/1,https://twitter.com/dog_rates/status/711694788429553666/photo/1",13,10,2016-03-20,2016.0,3.0,20.0,23:23:54 ,1,23.0,Twitter for iPhone,,None,https://pbs.twimg.com/tweet_video_thumb/CeBym7oXEAEWbEg.jpg,1.0,brown_bear,0.7132930000000001,False,Indian_elephant,0.172844,False,water_buffalo,0.0389022,False,0.0,16589.0,1.3
885,760153949710192640,"RT @hownottodraw: The story/person behind @dog_rates is heckin adorable af. 11/10, probably would pet. https://t.co/AG5UnRrmzJ",7.601538332596019e+17,195036846.0,"https://weratedogs.com/pages/about-us,https://weratedogs.com/pages/about-us",11,10,2016-08-01,2016.0,8.0,1.0,16:42:51 ,16,16.0,Twitter for iPhone,,None,,,,,,,,,,,,,,1.1
890,759566828574212096,RT @dog_rates: This... is a Tyrannosaurus rex. We only rate dogs. Please only send in dogs. Thank you ...10/10 https://t.co/zxw8d5g94P,7.395440793195889e+17,4196983835.0,"https://twitter.com/dog_rates/status/739544079319588864/photo/1,https://twitter.com/dog_rates/status/739544079319588864/photo/1",10,10,2016-06-05,2016.0,6.0,5.0,19:47:03 ,1,19.0,Twitter for iPhone,,None,https://pbs.twimg.com/media/CkNjahBXAAQ2kWo.jpg,1.0,Labrador_retriever,0.967397,True,golden_retriever,0.0166414,True,ice_bear,0.0148576,False,,,1.0
895,759159934323924993,"RT @dog_rates: AT DAWN...
WE RIDE

11/10 https://t.co/QnfO7HEQGA",6.703191306214359e+17,4196983835.0,"https://twitter.com/dog_rates/status/670319130621435904/photo/1,https://twitter.com/dog_rates/status/670319130621435904/photo/1",11,10,2015-11-27,2015.0,11.0,27.0,19:11:49 ,22,19.0,Twitter for iPhone,,None,https://pbs.twimg.com/media/CU1zsMSUAAAS0qW.jpg,1.0,Irish_terrier,0.254856,True,briard,0.227716,True,soft-coated_wheaten_terrier,0.223263,True,,,1.1
908,757729163776290825,RT @dog_rates: This is Chompsky. He lives up to his name. 11/10 https://t.co/Xl37lQEWd0,6.790626142704681e+17,4196983835.0,"https://twitter.com/dog_rates/status/679062614270468097/photo/1,https://twitter.com/dog_rates/status/679062614270468097/photo/1,https://twitter.com/dog_rates/status/679062614270468097/photo/1,https://twitter.com/dog_rates/status/679062614270468097/photo/1",11,10,2015-12-21,2015.0,12.0,21.0,22:15:18 ,0,22.0,Twitter for iPhone,,Chompsky,https://pbs.twimg.com/media/CWyD2HGUYAQ1Xa7.jpg,2.0,cash_machine,0.802333,False,schipperke,0.0455186,True,German_shepherd,0.0233535,True,0.0,7185.0,1.1
911,757597904299253760,RT @jon_hill987: @dog_rates There is a cunningly disguised pupper here mate! 11/10 at least. https://t.co/7boff8zojZ,7.575971410995487e+17,280479778.0,"https://twitter.com/jon_hill987/status/757597141099548672/photo/1,https://twitter.com/jon_hill987/status/757597141099548672/photo/1",11,10,2016-07-25,2016.0,7.0,25.0,15:23:28 ,15,15.0,Twitter for iPhone,pupper,None,https://pbs.twimg.com/media/CoOGZjiWAAEMKGx.jpg,1.0,doormat,0.8361059999999999,False,wallet,0.0566269,False,purse,0.0513335,False,,,1.1
926,754874841593970688,RT @dog_rates: This is Rubio. He has too much skin. 11/10 https://t.co/NLOHmlENag,6.791583739888763e+17,4196983835.0,"https://twitter.com/dog_rates/status/679158373988876288/photo/1,https://twitter.com/dog_rates/status/679158373988876288/photo/1",11,10,2015-12-22,2015.0,12.0,22.0,04:35:49 ,3,4.0,Twitter for iPhone,,Rubio,https://pbs.twimg.com/media/CWza7kpWcAAdYLc.jpg,1.0,pug,0.27220500000000003,True,bull_mastiff,0.25153000000000003,True,bath_towel,0.116806,False,0.0,7218.0,1.1
937,753298634498793472,RT @dog_rates: This is Carly. She's actually 2 dogs fused together. Very innovative. Probably has superpowers. 12/10 for double dog https:/…,6.815231776636764e+17,4196983835.0,https://twitter.com/dog_rates/status/681523177663676416/photo/1,12,10,2015-12-28,2015.0,12.0,28.0,17:12:42 ,18,17.0,Twitter for iPhone,,Carly,,,,,,,,,,,,0.0,5192.0,1.2
943,752701944171524096,RT @dog_rates: HEY PUP WHAT'S THE PART OF THE HUMAN BODY THAT CONNECTS THE FOOT AND THE LEG? 11/10 so smart https://t.co/XQ1tRUmO3z,6.835159323633295e+17,4196983835.0,"https://vine.co/v/ibvnzrauFuV,https://vine.co/v/ibvnzrauFuV",11,10,2016-01-03,2016.0,1.0,3.0,05:11:12 ,3,5.0,Twitter for iPhone,,None,,,,,,,,,,,,0.0,2609.0,1.1
949,752309394570878976,RT @dog_rates: Everyone needs to watch this. 13/10 https://t.co/Bb3xnpsWBC,6.75354435921576e+17,4196983835.0,"https://twitter.com/dog_rates/status/675354435921575936/video/1,https://twitter.com/dog_rates/status/675354435921575936/video/1",13,10,2015-12-11,2015.0,12.0,11.0,16:40:19 ,1,16.0,Twitter for iPhone,,None,https://pbs.twimg.com/ext_tw_video_thumb/675354114423808004/pu/img/qL1R_nGLqa6lmkOx.jpg,1.0,upright,0.303415,False,golden_retriever,0.181351,True,Brittany_spaniel,0.16208399999999998,True,0.0,14861.0,1.3
1012,747242308580548608,RT @dog_rates: This pupper killed this great white in an epic sea battle. Now wears it as a trophy. Such brave. Much fierce. 13/10 https://…,7.047611207714652e+17,4196983835.0,"https://twitter.com/dog_rates/status/704761120771465216/photo/1,https://twitter.com/dog_rates/status/704761120771465216/photo/1",13,10,2016-03-01,2016.0,3.0,1.0,20:11:59 ,1,20.0,Twitter for iPhone,pupper,None,,,,,,,,,,,,,,1.3
1023,746521445350707200,RT @dog_rates: This is Shaggy. He knows exactly how to solve the puzzle but can't talk. All he wants to do is help. 10/10 great guy https:/…,6.678667242938778e+17,4196983835.0,https://twitter.com/dog_rates/status/667866724293877760/photo/1,10,10,2015-11-21,2015.0,11.0,21.0,00:46:50 ,1,0.0,Twitter for iPhone,,Shaggy,,,,,,,,,,,,0.0,898.0,1.0
1043,743835915802583040,RT @dog_rates: Extremely intelligent dog here. Has learned to walk like human. Even has his own dog. Very impressive 10/10 https://t.co/0Dv…,6.671382696715059e+17,4196983835.0,https://twitter.com/dog_rates/status/667138269671505920/photo/1,10,10,2015-11-19,2015.0,11.0,19.0,00:32:12 ,16,0.0,Twitter for iPhone,,None,,,,,,,,,,,,0.0,1861.0,1.0
1242,711998809858043904,RT @twitter: @dog_rates Awesome Tweet! 12/10. Would Retweet. #LoveTwitter https://t.co/j6FQGhxYuN,7.119982797733478e+17,783214.0,"https://twitter.com/twitter/status/711998279773347841/photo/1,https://twitter.com/twitter/status/711998279773347841/photo/1",12,10,2016-03-21,2016.0,3.0,21.0,19:29:52 ,19,19.0,Twitter for iPhone,,None,https://pbs.twimg.com/tweet_video_thumb/CeGGkWuUUAAYWU1.jpg,1.0,comic_book,0.105171,False,kuvasz,0.0598951,True,book_jacket,0.0466381,False,,,1.2
2259,667550904950915073,"RT @dogratingrating: Exceptional talent. Original humor. Cutting edge, Nova Scotian comedian. 12/10 https://t.co/uarnTjBeVA",6.675486956640707e+17,4296831739.0,"https://twitter.com/dogratingrating/status/667548695664070656/photo/1,https://twitter.com/dogratingrating/status/667548695664070656/photo/1",12,10,2015-11-20,2015.0,11.0,20.0,03:43:06 ,3,3.0,Twitter Web Client,,None,https://pbs.twimg.com/media/CUOb_gUUkAACXdS.jpg,1.0,web_site,0.999335,False,vizsla,8.10632e-05,True,collie,6.915899999999999e-05,True,,,1.2
2260,667550882905632768,RT @dogratingrating: Unoriginal idea. Blatant plagiarism. Curious grammar. -5/10 https://t.co/r7XzeQZWzb,6.67548415174144e+17,4296831739.0,"https://twitter.com/dogratingrating/status/667548415174144001/photo/1,https://twitter.com/dogratingrating/status/667548415174144001/photo/1",5,10,2015-11-20,2015.0,11.0,20.0,03:41:59 ,3,3.0,Twitter Web Client,,None,https://pbs.twimg.com/media/CUObvUJVEAAnYPF.jpg,1.0,web_site,0.998258,False,dishwasher,0.000201084,False,oscilloscope,0.000141736,False,0.0,25.0,0.5
